{
  "NewSettingsOffByDefault": false,
  "RacialArchetypes": {
    "DisableAll": false,
    "Settings": {
      "CavalierOfThePawArchetype": {
        "Enabled": true,
        "Homebrew": false,
        "Description": "Allows you to select the Cavalier of the Paw archetype regardless of race."
      },
      "CruoromancerArchetype": {
        "Enabled": true,
        "Homebrew": false,
        "Description": "Allows you to select the Cruoromancer archetype regardless of race."
      },
      "ImitatorArchetype": {
        "Enabled": true,
        "Homebrew": false,
        "Description": "Allows you to select the Imitator archetype regardless of race."
      },
      "MasterOfAllArchetype": {
        "Enabled": true,
        "Homebrew": false,
        "Description": "Allows you to select the Master of All archetype regardless of race."
      },
      "NineTailedHeirArchetype": {
        "Enabled": true,
        "Homebrew": false,
        "Description": "Allows you to select the Nine-Tailed Heir archetype regardless of race."
      },
      "PhantasmalMageArchetype": {
        "Enabled": true,
        "Homebrew": false,
        "Description": "Allows you to select the Phatasmal Mage Arcanist archetype regardless of race."
      },
      "PurifierArchetype": {
        "Enabled": true,
        "Homebrew": false,
        "Description": "Allows you to select the Purifier archetype regardless of race."
      },
      "ReformedFiendArchetype": {
        "Enabled": true,
        "Homebrew": false,
        "Description": "Allows you to select the Reformed Fiend Bloodrager archetype regardless of race."
      },
      "SpellDancerArchetype": {
        "Enabled": true,
        "Homebrew": false,
        "Description": "Allows you to select the Spell Dancer archetype regardless of race."
      },
      "StonelordArchetype": {
        "Enabled": true,
        "Homebrew": false,
        "Description": "Allows you to select the Stonelord Paladin archetype regardless of race."
      },
      "StudentOfStoneArchetype": {
        "Enabled": true,
        "Homebrew": false,
        "Description": "Allows you to select the Student of Stone archetype regardless of race."
      },
      "WildlandShamanArchetype": {
        "Enabled": true,
        "Homebrew": false,
        "Description": "Allows you to select the Wildland Shaman archetype regardless of race."
      }
    },
    "IsExpanded": false
  },
  "AivuPet": {
    "DisableAll": false,
    "Settings": {
      "AivuPet": {
        "Enabled": false,
        "Homebrew": true,
        "Description": "Allows you to select Aivu as a normal animal companion."
      }
    },
    "IsExpanded": false
  },
  "Classes": {
    "DisableAll": false,
    "Settings": {
      "Dread Knight": {
        "Enabled": true,
        "Homebrew": false,
        "Description": "Adds the Antipaladin as a class, renamed and modified slightly to fit the campaign setting."
      },
      "Oathbreaker": {
        "Enabled": true,
        "Homebrew": true,
        "Description": "Adds a modified version of the Vindictive Bastard archetype as a full class."
      }
    },
    "IsExpanded": false
  },
  "Backgrounds": {
    "DisableAll": false,
    "Settings": {
      "Archduke of Cheliax": {
        "Enabled": false,
        "Homebrew": true,
        "Description": "[Request, not tuned for balance] The highest rank of the standard nobility in Cheliax are the Archdukes."
      }
    },
    "IsExpanded": false
  },
  "Archetypes": {
    "DisableAll": false,
    "Settings": {
      "Clutch Thief": {
        "Enabled": true,
        "Homebrew": true,
        "Description": "A rogue archeype combining sneak attacks and teamwork feats with a drake partner."
      },
      "Draconic Druid": {
        "Enabled": true,
        "Homebrew": false,
        "Description": "A druid archetype that gains a drake companion and the ability to wildshape into draconic forms."
      },
      "Draconic Scholar": {
        "Enabled": true,
        "Homebrew": true,
        "Description": "A arcanist archeype trades most exploits for a drake companion and draconic exploits."
      },
      "Draconic Shaman": {
        "Enabled": true,
        "Homebrew": false,
        "Description": "A shaman archeype swapping sprit and some hexes for a drake companion."
      },
      "Drake Warden": {
        "Enabled": true,
        "Homebrew": false,
        "Description": "A ranger archetype charged with raising a young drake companion."
      },
      "Living Scripture": {
        "Enabled": true,
        "Homebrew": true,
        "Description": "A requested inquisitor archetype that focuses on divine spellcasting, buffed from tabletop to be a full caster."
      },
      "Mantis Zealot": {
        "Enabled": true,
        "Homebrew": false,
        "Description": "A warpriest archetype focusing on assassination and dual wielding, must worship Achaekek."
      },
      "Mooncaller": {
        "Enabled": true,
        "Homebrew": false,
        "Description": "A druid archetype dedicated to the endless cycle of the moon."
      },
      "Ocean's Echo": {
        "Enabled": true,
        "Homebrew": false,
        "Description": "A oracle archeype swapping serveral revelations for limited bardic abilities."
      },
      "Silver Champion": {
        "Enabled": true,
        "Homebrew": false,
        "Description": "A paladin of Apsu gifted with a silver drake companion and a altered spellbook."
      },
      "Storm Druid": {
        "Enabled": true,
        "Homebrew": false,
        "Description": "A druid archeype focused on spontaneous casting of domain spells"
      },
      "Temple Champion": {
        "Enabled": true,
        "Homebrew": true,
        "Description": "A paladin archetype with access to domain powers at the cost of their spellcasting, slightly buffed as archetype underperforms on tabletop."
      },
      "Urban Druid": {
        "Enabled": true,
        "Homebrew": false,
        "Description": "A druid archeype focused on spontaneous casting of domain spells"
      }
    },
    "IsExpanded": false
  },
  "Domains": {
    "DisableAll": false,
    "Settings": {
      "Archon Subdomain": {
        "Enabled": true,
        "Homebrew": false,
        "Description": "Adds the archon subdomain, a subdomain to the good and law domains."
      },
      "Blood Subdomain": {
        "Enabled": true,
        "Homebrew": false,
        "Description": "Adds the blood subdomain, a subdomain to the war domain."
      },
      "Caves Subdomain": {
        "Enabled": true,
        "Homebrew": false,
        "Description": "Adds the caves subdomain, a subdomain to the earth domain."
      },
      "Demon Subdomain": {
        "Enabled": true,
        "Homebrew": false,
        "Description": "Adds the deamon subdomain, a subdomain to the chaos and evil domains."
      },
      "Dragon Subdomain": {
        "Enabled": true,
        "Homebrew": false,
        "Description": "Adds the dragon subdomain, a subdomain to the scalykind domain."
      },
      "Ferocity Subdomain": {
        "Enabled": true,
        "Homebrew": false,
        "Description": "Adds the ferocity subdomain, a subdomain to the strength domain."
      },
      "Ice Subdomain": {
        "Enabled": true,
        "Homebrew": false,
        "Description": "Adds the ice subdomain, a subdomain to the water domain."
      },
      "Psychopomp Subdomain": {
        "Enabled": true,
        "Homebrew": false,
        "Description": "Adds the Psychopomp subdomain, a subdomain to the death and repose domains."
      },
      "Rage Subdomain": {
        "Enabled": true,
        "Homebrew": false,
        "Description": "Adds the rage subdomain, a subdomain to the destruction domain."
      },
      "Revelation Subdomain": {
        "Enabled": true,
        "Homebrew": false,
        "Description": "Adds the revelation subdomain, a subdomain to the sun domain."
      },
      "Revolution Subdomain": {
        "Enabled": true,
        "Homebrew": false,
        "Description": "Adds the revolution subdomain, a subdomain to the liberation domain."
      },
      "Rivers Subdomain": {
        "Enabled": true,
        "Homebrew": false,
        "Description": "Adds the rivers subdomain, a subdomain to the water domain."
      },
      "Scalykind Domain": {
        "Enabled": true,
        "Homebrew": false,
        "Description": "Adds the scalykind domain, a animal companion domain with different options the the animal domain."
      },
      "Storm Subdomain": {
        "Enabled": true,
        "Homebrew": false,
        "Description": "Adds the storm subdomain, a subdomain to the weather domain."
      },
      "Thievery Subdomain": {
        "Enabled": true,
        "Homebrew": false,
        "Description": "Adds the thievery subdomain, a subdomain to the trickery domain."
      },
      "Undead Subdomain": {
        "Enabled": true,
        "Homebrew": false,
        "Description": "Adds the undead subdomain, a subdomain to the death domain."
      },
      "Wind Subdomain": {
        "Enabled": true,
        "Homebrew": false,
        "Description": "Adds the wind subdomain, a subdomain to the air domain."
      }
    },
    "IsExpanded": false
  },
  "Deities": {
    "DisableAll": false,
    "Settings": {
      "Archdevils": {
        "Enabled": true,
        "Homebrew": false,
        "Description": "Adds the Archdevils of hell as deity options"
      },
      "Deities of Ancient Osirion": {
        "Enabled": true,
        "Homebrew": false,
        "Description": "Adds the deities of Ancient Oririon as deity options"
      },
      "Deities of Tian Xia": {
        "Enabled": true,
        "Homebrew": false,
        "Description": "Adds the deities of Tian Xia as deity options"
      },
      "Demon Lords": {
        "Enabled": true,
        "Homebrew": false,
        "Description": "Adds the Demon Lords of the Abyss as deity options"
      },
      "Draconic Deities": {
        "Enabled": true,
        "Homebrew": false,
        "Description": "Adds the Draconic Deities as deity options"
      },
      "Elven Pantheon": {
        "Enabled": true,
        "Homebrew": false,
        "Description": "Adds the deities of the Elven Pantheon as deity options"
      },
      "Empyreal Lords": {
        "Enabled": true,
        "Homebrew": false,
        "Description": "Adds the Empyral Lords of the positive planes as deity options"
      },
      "Monitors": {
        "Enabled": true,
        "Homebrew": false,
        "Description": "Adds the Monitors of the neutral planes as deity options"
      },
      "Orc Pantheon": {
        "Enabled": true,
        "Homebrew": false,
        "Description": "Adds the deities of the Orc Pantheon as deity options"
      },
      "The Elder Mythos": {
        "Enabled": true,
        "Homebrew": false,
        "Description": "Adds the Elder Mythos of the Dark Tapestry as deity options"
      },
      "The Eldest": {
        "Enabled": true,
        "Homebrew": false,
        "Description": "Adds the Eldest of The First World as deity options"
      }
    },
    "IsExpanded": false
  }
}