{
  "OverrideIds": false,
  "NewBlueprints": {
    "AbhothFeature": "3caf877b-693e-4214-9f10-e796816963c5",
    "AbundantSin": "b4388668-fe32-4798-8a69-b40b81933925",
    "AchaekekFeature": "4654a801-2a33-420a-8fda-75dcdb6f39d9",
    "AirInvokeDeityAbility": "62638467-0e66-421c-b39e-6118906bcca3",
    "AirInvokeDeityBuff": "8af2c36d-d0b7-4eb7-b79b-2563d55b37c5",
    "AlsetaFeature": "a32f8b7c-6b73-4340-ab2a-ef4972db9369",
    "AndolettaFeature": "ec03105b-8fcf-42c1-80d4-2f820c7da747",
    "AnimalInvokeDeityAbility": "e2b5c44d-ffbc-40c7-ab38-d0b2f3b97b67",
    "AnimalInvokeDeityBuff": "1a29b3c8-b215-42fc-9dc2-af262be6322c",
    "AnubisFeature": "f6f536b1-9623-4afa-98f0-f6ab70c3e6ba",
    "ApepFeature": "97ea0b6b-f0b6-4ab8-ad7c-5779035be6cd",
    "ApsuFeature": "1bcef4cf-cd53-4fc3-9550-ec3d8d5f5eeb",
    "ApsusGift": "293d1d25-65ed-4ca5-ac77-506d2dfc0ee9",
    "ArcanistDraconicExploitSelection": "a264d213-ba79-4ad6-a81b-94fb4ff6dc60",
    "ArcanistDrakeCompanionFeature": "386113f7-04e5-44f6-9706-58053a68d62a",
    "ArcanistExploitTypeSelection": "a10ddb5d-9e19-48c7-86f3-bf1f4c1b91d4",
    "ArchdevilSelection": "ece14bdb-858a-43b7-8058-f90961747f19",
    "ArchonDomainGoodAllowed": "1d702043-fab0-4f75-b1dc-dc8bd643188b",
    "ArchonDomainGoodBaseFeature": "9230b31e-f89d-44c5-81a1-e434d97a1782",
    "ArchonDomainGoodProgression": "98f93978-c61c-4648-9cc6-72b51d0b5a68",
    "ArchonDomainGoodProgressionSecondary": "09a38baa-27bb-4f76-9cd0-fa8bf90cd866",
    "ArchonDomainGoodSpellList": "c78f14f3-23c4-409d-a398-36a8d49c71ba",
    "ArchonDomainGoodSpellListFeature": "011f281b-c34d-4c7a-990f-65615fbc7dec",
    "ArchonDomainGreaterAbility": "66db3fdf-fad7-4bf3-bf81-3261eb2f3ebd",
    "ArchonDomainGreaterArea": "28966957-38e2-4927-a05b-de8a9773b697",
    "ArchonDomainGreaterAreaBuff": "b2416212-da96-4b88-a3f4-21c993b5fa09",
    "ArchonDomainGreaterBuff": "8056e264-73e2-493b-b060-cd2b4450d64b",
    "ArchonDomainGreaterFeature": "8039cfc9-e836-4f25-9a05-db358559ea90",
    "ArchonDomainGreaterResource": "d56fab52-dd40-4047-97d0-c5e083edc265",
    "ArchonDomainLawAllowed": "f48cfc9a-1124-4fe4-b953-e0039f02307c",
    "ArchonDomainLawBaseFeature": "da69abd4-818f-4f9b-a64a-6b37e3da6daf",
    "ArchonDomainLawProgression": "b6d861f3-3088-4f14-90c3-98a7c260ef22",
    "ArchonDomainLawProgressionSecondary": "a91ff4ee-24af-4ae4-8e6f-0a7143561351",
    "ArchonDomainLawSpellList": "aa12b078-a9db-4ed9-bf74-d8605042a27f",
    "ArchonDomainLawSpellListFeature": "7a659405-3de3-4e56-a7b5-85b4d115ae91",
    "ArquerosFeature": "29107d5a-0665-4213-8a7e-9e6a44857791",
    "ArsheaFeature": "10a1cd64-e341-440f-b911-97e5907c5df9",
    "ArtificeInvokeDeityAbility": "69b32edb-db37-4bad-91d1-cfcd802d85eb",
    "ArtificeInvokeDeityBuff": "c13b9814-f7f4-4d33-b182-7c018a0bdea1",
    "AshavaFeature": "85cde785-9f6e-4988-8a1a-55cd1714d27b",
    "AspectOfTheMantisAbility": "9fc14e86-e83d-481e-9e52-411b85e59076",
    "AspectOfTheMantisBuff": "1fdd0954-6ad7-45f3-b1cc-84daa3fe8ba5",
    "AspectOfTheMantisFeature": "001d2685-e120-4827-ba35-651eb5f17d0d",
    "AspectOfTheMantisResource": "e020c899-08ac-4160-98da-1042784a588f",
    "AtlachNachaFeature": "a46ce6dd-1496-492e-8aea-7cae07dbeeb3",
    "AtroposFeature": "f2b17188-2ff6-441c-ac13-588f84ddb377",
    "AuraOfAbsolutionAbility": "931e4691-3fed-44c6-bb3c-ce865b51fc2e",
    "AuraOfAbsolutionBuff": "6ccf30bc-498d-4ad1-abe7-619429c9b5ce",
    "AuraOfAbsolutionFeature": "cddb5feb-ac68-48e3-919d-8775628e8cc8",
    "AuraOfCowardiceArea": "e6dfd913-105a-4238-9f93-1e8d864249c8",
    "AuraOfCowardiceBuff": "e59306d9-b7d8-46a6-a959-be6a5df2325e",
    "AuraOfCowardiceEffectBuff": "0cd1bf6b-484b-4720-8dbf-eff7c74a8346",
    "AuraOfCowardiceFeature": "3ab932d0-f954-41d3-b764-fbd661f44066",
    "AuraOfDepravityArea": "2155b984-59c2-44ea-9f13-e6d4d10cd9e7",
    "AuraOfDepravityBuff": "e734e90c-1ea0-4645-96df-06a2d1bc6f49",
    "AuraOfDepravityEffectBuff": "e767416b-9fdb-4418-b906-fc57a0581676",
    "AuraOfDepravityFeature": "5ced449a-8d4d-43b0-b677-9630798b16c1",
    "AuraOfDespairArea": "c98b75c1-2071-4ae9-a1a7-19edbedca283",
    "AuraOfDespairBuff": "7f6cd7b4-268b-4e4e-ae6e-7c5870f704b2",
    "AuraOfDespairEffectBuff": "406273f7-a361-4526-a046-7c62ebcdfd10",
    "AuraOfDespairFeature": "db81f3bc-e015-48ca-965f-57345d40db81",
    "AuraOfEvilBuff": "db173ff3-38d9-4bd8-90c1-cc0143b34f4b",
    "AuraOfEvilFeature": "68a69ad5-5e23-490f-885e-fa7e3cbb1d58",
    "AuraOfSelfRighteousnessArea": "68ff56ba-7c2b-4f08-8a9c-3d80728536fa",
    "AuraOfSelfRighteousnessBuff": "360e1c74-3a23-4f35-92cb-6f3a3347f85e",
    "AuraOfSelfRighteousnessEffectBuff": "96072edb-aaba-46c4-aed1-ea2c68a6aa7d",
    "AuraOfSelfRighteousnessFeature": "f2c07a62-af80-431b-9bf2-6f167336a086",
    "AuraOfSinArea": "467933ea-2367-4154-bbd5-8b5237345158",
    "AuraOfSinBuff": "b131f754-8cb7-40fb-b769-b41f2de9c2e5",
    "AuraOfSinEffectBuff": "1540e678-f5cb-43c5-be31-248da27ae304",
    "AuraOfSinFeature": "0e4b5fa7-30ce-49cb-b595-5e6db8398a7f",
    "AzathothFeature": "2450fa94-3e09-46fe-bbae-5b1830abae63",
    "BackgroundArchdukeOfCheliax": "4d6097a2-3021-4cca-9d78-6ca59c425b15",
    "BarzahkFeature": "c202c113-66fc-4e6b-b544-00a53823890a",
    "BastetFeature": "6fd0e337-515c-46d2-849e-6ae2f96113e1",
    "BeneficialVampirismCurseProgression": "8c70b8f6-44aa-489b-a537-0e08c06def3a",
    "BesFeature": "8e76612f-aec2-476a-904e-5380dc08a92d",
    "BesmaraFeature": "fd5920bf-15d7-471b-908f-75ccc0dff568",
    "BharnarolFeature": "38344f43-73b9-47e0-841d-f3962053fee1",
    "BlackButterflyFeature": "01645ea6-eb14-4582-b224-4e42e35085ec",
    "BloodDomainAllowed": "f153c26c-15c1-4990-8236-22ca7124dfa2",
    "BloodDomainBaseFeature": "3334828b-277a-4fd3-bff2-9b9bc4aac548",
    "BloodDomainGreaterAbility": "8402e09f-5486-411c-8354-582599ebca7a",
    "BloodDomainGreaterFeature": "c00f0ca1-df29-4fb8-8ca9-e0ec93498da6",
    "BloodDomainGreaterResource": "f250f513-121c-42a0-8473-7005d2768d47",
    "BloodDomainProgression": "305a179a-0d37-4221-bd4d-e808db462884",
    "BloodDomainProgressionSecondary": "84325755-277f-4414-8ec7-ab6a63cc9694",
    "BloodDomainSpellList": "e5941380-3c52-4143-92ad-5dc260c399bc",
    "BloodDomainSpellListFeature": "c35cd03b-934c-4fcc-8564-7fa654fa05e8",
    "BokrugFeature": "5ca958b9-07be-4cc9-beb5-e956a36572a9",
    "BokugFeature": "b2011917-8afd-47e9-ae24-c1289f89ce8e",
    "BreakerOfOaths": "46cd9dec-ec87-4765-9450-74c23bed4fc5",
    "CastigatorArchetype": "59a627c0-20e0-4017-882d-aca11ba9a6a6",
    "CastigatorOpportunistFeature": "0f1f22d4-ae95-4def-acb8-92eeb23e49b7",
    "CastigatorPaybackFeature": "112094f8-966d-4486-8925-1317b256997b",
    "CastigatorVengeance": "2a9dfc74-1cb4-4c35-b6a0-2d22884278ac",
    "CavalierMountFeatureHavocDragon": "9840b5d8-e2d6-44a7-b59a-cfd3d0a56cae",
    "CavalierMountFeatureWolf": "928a396d-f162-43b7-b585-4e082db00241",
    "CavesDomainAllowed": "78599a8e-4663-4c57-9eb6-85aa68c71218",
    "CavesDomainBaseFeature": "b1210bd3-5651-43dd-adb7-5d6c5e0bb50f",
    "CavesDomainGreaterAbility": "16f433dc-eced-4398-b3d5-8399c3019675",
    "CavesDomainGreaterBuff": "13ad0dca-de5c-44eb-8615-17007b2f4512",
    "CavesDomainGreaterFeature": "07c6f03e-f880-4b02-a1a9-510305f1e47f",
    "CavesDomainGreaterResource": "667be397-bd86-45fd-a485-a5eabffe4d8e",
    "CavesDomainProgression": "fa457420-d4fa-42a1-b0a5-116ff7d03f14",
    "CavesDomainProgressionDruid": "f2353de7-d898-4eaf-a6e1-ad3582c0599c",
    "CavesDomainProgressionSecondary": "a01ff3a0-1c08-4724-8b39-31e4727dc046",
    "CavesDomainSpellList": "ca131c9b-570b-4b07-bc49-df86d4ef61a4",
    "CavesDomainSpellListFeature": "d563f65d-66a5-447a-a84a-adcd6b60c119",
    "CavesDomainSpellListFeatureDruid": "c3ba7ac8-2cbc-47e7-ae50-192147e0dd59",
    "CeyannanFeature": "fdfea8aa-700c-4f25-9902-287a51df4219",
    "ChadaliFeature": "4a8ac072-989f-4826-b00a-c93012b19284",
    "ChannelTouchOfProfaneCorruptionAbility": "898b7c12-e77f-4647-9a4d-9e870850d476",
    "ChannelTouchOfProfaneCorruptionFeature": "fbd67f5a-1954-4ca3-847a-0160e68364d4",
    "ChaosInvokeDeityAbility": "d1b1385b-7729-4af2-9fe2-29f5fda1724b",
    "ChaosInvokeDeityBuff": "a9ec7b89-c4a8-423b-8ff2-5aeddc6a634b",
    "CharmDomainBaseFeatureDruid": "3ff01cbe-66a3-4b40-ba3e-3418a2a9e567",
    "CharmDomainProgressionDruid": "c25ddac7-6f0a-46f3-848b-13ad52135c78",
    "CharmDomainSpellListFeatureDruid": "54c0b37d-da89-45f6-90b1-655d359f869c",
    "CharmInvokeDeityAbility": "5fe9d7ab-9323-4716-af80-c57aa41c1412",
    "CharmInvokeDeityBuff": "76989395-f3b2-4321-8859-4d872ad21882",
    "ChaugnarFaugnFeature": "758979cd-ad64-415b-af10-e2b3255c08d8",
    "ChucaroFeature": "b74e7572-8daf-4fcf-8f06-de159467ce5c",
    "ClawOfTheFalseWyrmArchetype": "80073844-84f9-49f3-a35c-8bbb24de3993",
    "ClawOfTheFalseWyrmSpellbook": "4e0a9fa3-23c7-449f-af05-f4a20d5a20e1",
    "ClutchThiefArchetype": "b25229fa-90bf-4461-ab33-8c8fc5a6070d",
    "ClutchThiefBackToBackFeature": "c8e8c8fc-965a-4177-83fc-fddb9e4e4e53",
    "ClutchThiefBondFeature": "b6d48cfb-64bf-459f-b4a6-086c218081bf",
    "ClutchThiefOutflankFeature": "aa3ea76b-9b43-498b-af38-125d22a96232",
    "CommunityDomainBaseFeatureDruid": "feb37592-d96a-4ba4-81f3-84b53e61f382",
    "CommunityDomainProgressionDruid": "e869fc78-0b7d-4b39-a873-1a44f3fe67eb",
    "CommunityDomainSpellListFeatureDruid": "479e7518-107d-4c92-ab0f-dc02fbc4d831",
    "CommunityInvokeDeityAbility": "887d2439-ed0e-497a-9217-e58d4e281376",
    "CommunityInvokeDeityArea": "e4ba5d2f-9753-448c-9481-b92d525f7e4a",
    "CommunityInvokeDeityAreaBuff": "5953b466-7213-4e23-bcba-7d12fcc6fba9",
    "CommunityInvokeDeityBuff": "9e8be248-dc88-42af-989b-ae63133820b3",
    "CompactDrake": "0f100b9c-5edf-4ed0-98ef-67ff55824c49",
    "CompactDrakeBuff": "d0354b09-0189-466a-9fe8-372813cd40f2",
    "CompactDrakeFeature": "8e1db197-6f84-4861-9602-c59035594aff",
    "ConquerorArchetype": "25343bcf-0880-44ed-8870-456da08c3e2c",
    "ConquerorInspiredRageFeature": "d6fb782a-dedc-48aa-b27b-63a4bd5e8b19",
    "ConquerorProfaneConquestFeature": "d96e856c-d57c-48f3-99f8-79a44c5801b0",
    "CountRanalcFeature": "9add5461-5018-44d6-ac8a-22cb0d4db029",
    "CrueltyBlinded": "367d4cca-6698-4d9b-95a4-fe6a0f238b68",
    "CrueltyBlindedBuff": "2ddd3288-7cda-4380-9966-f136bbeadf0b",
    "CrueltyCursed": "1cd2e521-8ed4-4ff4-963c-7555b7fafce2",
    "CrueltyCursedBuff": "26c104f1-cc8e-4a96-ae6f-747120b1007e",
    "CrueltyDazed": "cc800e8f-c1c0-48f8-a76e-90aac220f113",
    "CrueltyDazedBuff": "74acf324-f9bc-4800-b557-2e7c67c18ed7",
    "CrueltyDiseased": "95430a01-23a6-4de1-808d-ea4d2c679cfc",
    "CrueltyDiseasedBuff": "a8578bd3-bb58-4961-8971-efcd3b8ab219",
    "CrueltyExhausted": "a7657103-4915-49ca-a631-6ee1af9069c5",
    "CrueltyExhaustedBuff": "0de2eeef-0143-4c7b-8247-c8f7250ba842",
    "CrueltyFact": "e5ab4db0-1352-4e95-963b-09b504d98fe6",
    "CrueltyFatigued": "c65a403c-fd6e-4493-a2c5-cce43c856cef",
    "CrueltyFatiguedBuff": "22c47299-7aa6-4e70-81ae-c5cdcfb2e80c",
    "CrueltyFrightened": "56a0ca57-e302-4f3c-bb19-5e369d07ff53",
    "CrueltyFrightenedBuff": "9c50109f-a1c2-48e5-929a-ae9804cbb42c",
    "CrueltyNauseated": "1f0c7f8b-6bb1-4313-be70-fc177c04b8fb",
    "CrueltyNauseatedBuff": "f93ce8fe-7414-4baa-b108-329ef719bdcd",
    "CrueltyParalyzed": "89968733-3c31-4710-8766-c25882b77637",
    "CrueltyParalyzedBuff": "1e877de3-5e51-4811-9ecf-dd0537b4d571",
    "CrueltyPoisoned": "f18dc775-9a4b-49b8-abe4-014e1376deac",
    "CrueltyPoisonedBuff": "9f11f007-a14e-4c4a-9795-dbc9fe50ec12",
    "CrueltyResource": "a8abb3b7-2dff-4fa8-b07a-c874c870da8a",
    "CrueltySelection1": "80fd53ab-1674-470e-bd7b-2ab9f7c2510e",
    "CrueltySelection2": "f5334c9f-58ae-4aa0-be82-1613dd1ef6d2",
    "CrueltySelection3": "8a1f3266-2b42-41fe-ada7-a4ba604e996e",
    "CrueltySelection4": "eae1f9f3-226f-49a4-aaea-7cbc7b286007",
    "CrueltyShaken": "5ab748e7-1a47-4d2e-be2e-bf73fbd38d77",
    "CrueltyShakenBuff": "8b478935-b4ee-4665-9853-b46fb074d883",
    "CrueltySickened": "133dc5c9-d42b-4bf6-8bfc-f72472406421",
    "CrueltySickenedBuff": "2d41c6ef-3d54-474a-832a-3d13de75e006",
    "CrueltyStaggered": "d9f7042b-f711-4cd5-90a4-caf33895e00e",
    "CrueltyStaggeredBuff": "ad124d8a-1846-4655-b9b8-76a744db6574",
    "CrueltyStunned": "b897a725-923f-4e81-a9ff-6279af399c7d",
    "CrueltyStunnedBuff": "063e8554-79dd-4ec4-b7ee-14f5c8031a04",
    "CthulhuFeature": "af65f94d-b9cd-4827-bc1c-c1aef4d5569f",
    "DagonFeature": "9ca5cf81-a0b4-40cd-9343-b3e7e9b847a3",
    "DahakFeature": "d7e1f722-ebe2-4652-823a-241d4f3f4736",
    "DahaksGift": "0fd9aa68-32fb-4b8b-9039-777c8014800a",
    "DaikitsuFeature": "1a8de097-a1a7-4986-a72c-f208f1fa0c48",
    "DammarFeature": "81cc677b-841e-4c5f-b00a-59593a01c065",
    "DammerichFeature": "d59b25ee-9a14-429c-960b-aa6903b181c3",
    "DarknessInvokeDeityAbility": "6910d5cc-2675-4334-8493-9500060eed5b",
    "DarknessInvokeDeityBuff": "3013ccfc-20af-4152-bd9a-c94536cab8a7",
    "DeadlyFinale": "3385edd2-3aad-4795-8614-25acfa798d64",
    "DeadlyFinaleBuff": "ff9b494a-13fb-4db0-a78e-b76e4cbf16fc",
    "DeathInvokeDeityAbility": "8fc184a1-eb01-43bd-b58b-55a8391a7758",
    "DeathInvokeDeityBuff": "9b03704b-7b31-4716-8ccb-a862a7cd2327",
    "DeitiesofAncientOsirionSelection": "2a41e9fc-5d53-49d8-82dc-f1d6e7e37f58",
    "DeitiesofTianXiaSelection": "8fffd927-275e-4b8a-87c4-546de9fce316",
    "DeitiesSelection": "2a892ef9-70b0-4da7-8e10-1267b1d85017",
    "DemonDomainBaseAbility": "055dccf1-82ff-4b3a-a843-0d5ca5c5e61c",
    "DemonDomainBaseBuff": "5c7f6519-399c-4884-8afb-7043332f4f23",
    "DemonDomainBaseResource": "6f1eeb95-a284-49c6-80b7-5cbc321efccf",
    "DemonDomainChaosAllowed": "ce6c9391-47d1-44eb-8002-eef115e162ec",
    "DemonDomainChaosBaseFeature": "cb1f4ab3-0bbb-490a-a47c-5d3e6689da90",
    "DemonDomainChaosProgression": "8bf0ee8b-95cf-4c12-b886-fa64d1ae4674",
    "DemonDomainChaosProgressionSecondary": "4e756a3e-bcc3-4b90-8660-7089df4a5c81",
    "DemonDomainChaosSpellList": "44ca5957-dfc4-4bf5-9212-14c75f6b0fba",
    "DemonDomainChaosSpellListFeature": "08dac7c9-fa21-483c-b6f1-3f2a32bed0e4",
    "DemonDomainEvilAllowed": "4547f010-0e59-4525-b98b-0a3b927c9cdb",
    "DemonDomainEvilBaseFeature": "768488f1-c6d2-41c3-a29a-0052fe962880",
    "DemonDomainEvilProgression": "be1268ae-ed68-49c8-81a1-536b7210f459",
    "DemonDomainEvilProgressionSecondary": "663b77cf-0665-44b2-aa7c-219d51ff40fd",
    "DemonDomainEvilSpellList": "0af7aea3-0555-45db-a2cb-0d53a4712266",
    "DemonDomainEvilSpellListFeature": "e4330140-2b06-4817-b7b6-5d734449f6f6",
    "DemonLordSelection": "889ec01d-2f84-4a8b-8bf6-8731abebd305",
    "DestructionInvokeDeityAbility": "de4e3862-d8d1-4532-8c72-ea3a5e2362b8",
    "DestructionInvokeDeityBuff": "2fd9cf5c-a712-4162-9343-48940f1575b1",
    "DispaterFeature": "cb61f585-a265-416b-bde2-449ff26d6b3a",
    "DivineHerbalistDragonMysteryFeature": "160babe5-5b4c-406d-a153-1db87ea544f6",
    "DivineScriptureFeature": "b950e62e-9d26-4716-9563-0a61e55a6395",
    "DomainChampionFeature": "6ab07195-83a2-4b67-a34b-2427265ca6df",
    "DomainChampionFeatureSecondary": "aea2aa68-ba9c-4306-a958-f0bae4429c33",
    "DraconicBodyBuff": "41d3bd74-1047-4785-8d7d-7eb840cca37d",
    "DraconicBodyFeature": "bc01f044-82ce-4600-aac2-b6ef89e90948",
    "DraconicDeitySelection": "fe6de0a2-13ed-464a-a2bc-3f3aa12fecde",
    "DraconicDruidArchetype": "58f9dac2-a580-4a7d-b315-fdfa3d8b6485",
    "DraconicExploitBreathAbility": "ff08dfc7-8121-4ffc-8bc1-40c710c9d732",
    "DraconicExploitBreathFeature": "3de4f00b-00c2-46c9-b96e-e79afac1c1b6",
    "DraconicExploitCooldown": "f6e6fed2-6eca-4616-96ed-9bb9fa781e72",
    "DraconicExploitEleMeleeAbility": "2976c563-aecd-4ccb-802e-6b136e035f12",
    "DraconicExploitEleMeleeAir": "df3dab18-6c62-4d28-af7c-b07bde3927ed",
    "DraconicExploitEleMeleeCold": "2477b6b3-23a1-4ba4-8e23-702fe0419dc4",
    "DraconicExploitEleMeleeEarth": "9b81a52b-437f-40c5-9235-46de34e1d250",
    "DraconicExploitEleMeleeFeature": "23db7417-6424-46e6-be35-f037e07bc1a2",
    "DraconicExploitEleMeleeFire": "ee0a9614-38c8-45ef-a924-89f5b1a5eef5",
    "DraconicExploitHealAbility": "d1dbc2d0-67bd-4f2c-9ff1-59bab7755b70",
    "DraconicExploitHealFeature": "64f2a068-fa0d-44c8-be71-30eaafe90cbc",
    "DraconicExploitMentalAbility": "401c7d4e-6114-47bf-b248-6487b59b3d8c",
    "DraconicExploitMentalBuff": "4e2ca05f-de14-4577-b0fd-ec68490eaaf4",
    "DraconicExploitMentalFeature": "ab91c699-1363-4d69-96c2-0139eee1ec56",
    "DraconicExploitPhysicalAbility": "5005b223-bcad-4784-a321-a9f158ca74da",
    "DraconicExploitPhysicalBuff": "d90ebb5b-1607-4d97-bf53-e3324b882848",
    "DraconicExploitPhysicalFeature": "aa570276-e57d-4474-879e-bfc829a1ec86",
    "DraconicExploitQuickenAbility": "1a9c5758-fc95-48dd-8ff9-45374ceef720",
    "DraconicExploitQuickenBuff": "0b65c9c7-9a94-43a3-85f2-6877cfe198c6",
    "DraconicExploitQuickenFeature": "b66e9808-fc1b-4311-af28-8457b3d917c5",
    "DraconicScholarArchetype": "e1d20c23-6aea-487e-b56a-b93fd0af86e1",
    "DraconicShamanArchetype": "1bd909b6-13dc-4773-bf7b-645f10beb75c",
    "DraconicSoulFeature": "503168bb-fe33-486b-be0b-aebc85fb94e0",
    "DragonBaseAbility": "075b9cc9-7dc0-4e14-8ea5-a7992f2e3ec1",
    "DragonDomainAllowed": "030fc820-e5a4-4ec2-a636-f1688260da56",
    "DragonDomainBaseFeature": "591ddbfc-9bc7-490b-b1e2-34f654751fda",
    "DragonDomainGreaterAcidAbility": "8c769574-c0e3-4c1f-931a-23ec04f98fac",
    "DragonDomainGreaterAcidFeature": "4bc67c63-b771-494a-9e71-579dea9611ce",
    "DragonDomainGreaterColdAbility": "6dbb36f5-b1a1-4764-8b10-5e46c03b55c2",
    "DragonDomainGreaterColdFeature": "8c70cacb-545d-43f8-bfbb-d844614fdf9c",
    "DragonDomainGreaterElectricityAbility": "5def0fe5-7cb6-413a-868b-02f43b3c6140",
    "DragonDomainGreaterElectricityFeature": "851fb820-405c-4882-9562-3bcb131d46fd",
    "DragonDomainGreaterFeature": "6a176e2c-03e6-4a4d-b6d0-79e243539352",
    "DragonDomainGreaterFireAbility": "0ce6ca8c-ee08-4f34-9f1a-9a24461de642",
    "DragonDomainGreaterFireFeature": "77a44a13-608f-4b2a-8a9b-d775d753c253",
    "DragonDomainGreaterResource": "0ab04bb7-3550-4024-9d95-18dd194ac420",
    "DragonDomainProgression": "8de391b5-3c1b-4b25-8cda-3bd96d82ffc3",
    "DragonDomainProgressionSecondary": "6767c492-06fa-46ed-98be-833f2d053b45",
    "DragonDomainSpellList": "6a9056d4-c1d4-4805-9fa5-09e8cdc67f95",
    "DragonDomainSpellListFeature": "aedf6edd-df39-4651-a63a-2fc534ca916d",
    "DragonSenseFeature": "ed60c188-7d9a-4638-834d-4de2ea1887f4",
    "DrakeAgilityFeature": "3653e9d9-4050-415f-b79f-d952adfe7425",
    "DrakeBlackPortrait": "ba138db0-fba0-4bd1-a553-08f93fe56d06",
    "DrakeBloodBlack": "85c26f06-5c83-4ffa-bfc4-3076bb119963",
    "DrakeBloodBlackSpelllist": "bb66985d-2db7-4b8b-9701-4fed0545692b",
    "DrakeBloodBlue": "666c7d4c-f536-4ec1-b474-b1d6f5a1df4b",
    "DrakeBloodBlueSpelllist": "3951f419-32a3-4c66-8380-3489e0d499cb",
    "DrakeBloodBrass": "cfa6d7e3-c04e-44dc-bd60-0fb6df961b5c",
    "DrakeBloodBrassSpelllist": "1c5d0d00-948a-494a-b3b7-1cf759ffbb80",
    "DrakeBloodBronze": "b28638f4-9711-45fc-9119-275a22ca16d5",
    "DrakeBloodBronzeSpelllist": "ca4f28b2-4e60-415e-826d-1aa9ee98e2b4",
    "DrakeBloodCopper": "37b47188-22cf-4d54-a0a5-b5be92c34acb",
    "DrakeBloodCopperSpelllist": "213157ab-9ce3-47a8-9625-14d69db940aa",
    "DrakeBloodGold": "a8cc80c5-a93f-49a7-812e-58e6cbad756f",
    "DrakeBloodGoldSpelllist": "0b2a29a8-3d1e-4e30-a5b4-8dbc2ffd1b5a",
    "DrakeBloodGreen": "d4cbb575-d430-4e03-897c-6ed9bfa5f7a0",
    "DrakeBloodGreenSpelllist": "d37d5081-bf7e-4778-8b99-48f00bb8fde4",
    "DrakeBloodRed": "2c9383ba-88bb-4cc2-a490-e29a9d80a700",
    "DrakeBloodRedSpelllist": "8b34ae75-7912-4f81-a869-805b5806cf4f",
    "DrakeBloodSilver": "5c8fddaa-a101-4801-9a9c-0a83cd350e71",
    "DrakeBloodSilverSpelllist": "b3bf2407-1a4c-42b7-9334-10e2633dbedb",
    "DrakeBloodWhite": "28deeddf-8c0f-4686-8a6d-52eb3179bff2",
    "DrakeBloodWhiteSpelllist": "a9ca379f-fd02-4b2c-931e-d9d8f0ea8de2",
    "DrakeBluePortrait": "94811102-35ee-488a-8dc0-ca2c70e5cd6e",
    "DrakeBrassPortrait": "0756d307-bc90-4152-b384-2ca53a1a5d3a",
    "DrakeBreathAbilityResource": "8aff937c-9865-434a-8e85-912bb5b004c9",
    "DrakeBreathCooldown": "e9f10695-ff07-4d7a-960b-cad88e23e0a2",
    "DrakeBreathWeaponAcid1": "853d3ad0-ea83-4497-85df-9cb955ce11f2",
    "DrakeBreathWeaponAcid1Feature": "cf2cfa29-17e9-41d7-9583-d8dfe5ff35ab",
    "DrakeBreathWeaponAcid2": "e0c3a964-77da-43e0-b919-299c5d8a299e",
    "DrakeBreathWeaponAcid2Feature": "957001cb-3366-4352-8bff-01ed181dbe3d",
    "DrakeBreathWeaponAcid3": "83689df0-8918-4ffa-8199-825e59af4179",
    "DrakeBreathWeaponAcid3Feature": "6150c47f-35ce-4e55-a32f-d112c254f30d",
    "DrakeBreathWeaponCold1": "338316c9-1e15-4a63-a0c7-62c1f83555cf",
    "DrakeBreathWeaponCold1Feature": "f6abee43-a6c3-435f-a0b2-5e14ee5a284e",
    "DrakeBreathWeaponCold2": "d393bef4-f9cf-4381-b200-8a1f19c6749c",
    "DrakeBreathWeaponCold2Feature": "dbdf85f2-2ad1-4c97-8ea9-8eede2381865",
    "DrakeBreathWeaponCold3": "05051e13-ce1b-4a7f-9fc5-a5d3898b4500",
    "DrakeBreathWeaponCold3Feature": "0e16253c-bdbe-4fb8-bd9f-23c567ea4cac",
    "DrakeBreathWeaponElectricity1": "49afab59-423d-4d8f-a398-8921d6ae81c8",
    "DrakeBreathWeaponElectricity1Feature": "2ed1752f-16c8-4a1c-b923-96e83295ce70",
    "DrakeBreathWeaponElectricity2": "f5994862-b84b-497d-b277-45eb6388091d",
    "DrakeBreathWeaponElectricity2Feature": "730d37ac-e358-4234-a11f-6501ba4da88f",
    "DrakeBreathWeaponElectricity3": "019b1de8-b959-42d4-9115-bbbb5138979a",
    "DrakeBreathWeaponElectricity3Feature": "cd9516c1-7dca-422b-838e-6838d89c42c0",
    "DrakeBreathWeaponFire1": "55e8aa6b-bcfa-4918-b6c2-8e2d1776ea9c",
    "DrakeBreathWeaponFire1Feature": "e2bb0b28-1ada-4e98-bcf1-bca14082eb7b",
    "DrakeBreathWeaponFire2": "a9e778fa-bad2-4669-8d00-89a536648acc",
    "DrakeBreathWeaponFire2Feature": "81f4b156-ee64-4e0b-bfde-89da0ad4eb17",
    "DrakeBreathWeaponFire3": "f030a919-bed4-4400-8c4f-6f042210c5ed",
    "DrakeBreathWeaponFire3Feature": "6e6ef1e4-5255-47d9-9a78-09e64ad6b8e8",
    "DrakeBronzePortrait": "f7ad9577-ce77-432e-9f27-70e16018bd05",
    "DrakeCompanionClass": "557496bc-a264-4c2d-93c4-a88b2b546430",
    "DrakeCompanionClassProgression": "c59eaf09-389f-4de3-8164-376e5c533da5",
    "DrakeCompanionFeatureBlack": "8a41c6c0-0647-4b5f-b442-a3232fb39034",
    "DrakeCompanionFeatureBlue": "3e1f0d4d-8278-4b18-b8eb-28206a475737",
    "DrakeCompanionFeatureBrass": "863864d6-b19c-41e0-b3ad-c353adb01dcf",
    "DrakeCompanionFeatureBronze": "cbb556d0-e50b-465d-b435-f009594f9fd4",
    "DrakeCompanionFeatureCopper": "b1499283-8c8b-4175-b5d7-7046d14fbd82",
    "DrakeCompanionFeatureGold": "b7bb6077-3879-480b-8e8d-49b4bbae7750",
    "DrakeCompanionFeatureGreen": "bef2fb86-de28-4ccf-bf7c-b391754c9d63",
    "DrakeCompanionFeatureRed": "9780a4d1-9ca0-4717-853a-ae86daa86d88",
    "DrakeCompanionFeatureSilver": "c58b42a6-2ce1-4cb7-97e5-16d8608225ea",
    "DrakeCompanionFeatureWhite": "8446d2ae-b664-46e7-8df7-affbb603dccc",
    "DrakeCompanionProgression": "925c3ece-6b94-46ef-a910-0fe2cf98542e",
    "DrakeCompanionSelection": "d78cdd3d-d370-473e-a1ee-3003ea6e83f2",
    "DrakeCompanionSlotFeature": "abf7f845-82f8-43d4-8dbc-feb05dd1aefa",
    "DrakeCompanionUnitBlack": "9618870e-ffa9-4c34-8acd-8b6763f7dca0",
    "DrakeCompanionUnitBlue": "bde018e7-6d42-4a73-9bcd-52a777eb3bd2",
    "DrakeCompanionUnitBrass": "c7021857-6aab-40f8-a601-ebaf86bea776",
    "DrakeCompanionUnitBronze": "9329050b-3f44-4846-a85e-dfea7e7bff77",
    "DrakeCompanionUnitCopper": "38aaa778-9e33-43ec-9822-d00102c11d47",
    "DrakeCompanionUnitGold": "9422eb0e-f662-499d-a6a5-96f85ebeb6e7",
    "DrakeCompanionUnitGreen": "9c824cba-62cc-4030-beac-e1545a0083fc",
    "DrakeCompanionUnitRed": "47912a3f-25be-4219-ab71-fdd8f64ee5ab",
    "DrakeCompanionUnitSilver": "6af628a8-a7f3-4799-8755-1e30e178c090",
    "DrakeCompanionUnitWhite": "73d326dd-3c05-4d4f-aca6-7c589ffbf198",
    "DrakeCopperPortrait": "6abaab3f-1718-41a8-8dd0-c6db23a203ef",
    "DrakeEmptySpellList": "16094488-5d7b-43aa-8e60-d9d3bba466cf",
    "DrakeGoldPortrait": "de6e414b-c060-4d69-ab7b-99388dbcc0f7",
    "DrakeGreaterAgilityFeature": "ed2287f7-057e-4aed-a867-6668d1979b80",
    "DrakeGreenPortrait": "cea1ffee-e7f2-4f68-baa2-dec014c7262c",
    "DrakeImmunitiesFeature": "9f7bdce5-11f3-4605-b3a0-7ac00d6de02d",
    "DrakeIntellectFeature": "4c8be139-aec9-4fba-bfe0-55fec5ed16e7",
    "DrakeKeenMindFeature": "5f7b9c0a-16d4-4755-81cf-826ab899efb5",
    "DrakeNaturalArmor": "1af7f3b2-b13a-4459-865a-fad9efdfda9a",
    "DrakeNaturalArmor1": "9a834799-89e1-470e-949a-a5053900f9b9",
    "DrakeNaturalArmor2": "02e7c836-2fea-484e-9fec-fbc9856a687a",
    "DrakeNaturalArmor3": "2157f089-8c58-4314-b72a-007bb7a9c5a7",
    "DrakeNaturalArmor4": "10e498af-d5ec-4107-a8cd-03a6898df883",
    "DrakeNaturalArmor5": "3c163361-c046-4ad3-80cf-119b1efcde53",
    "DrakeNaturalArmor6": "b1ec679f-7a39-4abd-afd4-0d6df6b866ec",
    "DrakeNaturalArmor7": "d75700de-d851-4f6b-a42b-31afbef834f2",
    "DrakeNaturalArmor8": "755fc89b-b14e-4a2a-ab6b-b886670cc393",
    "DrakeNaturalArmor9": "4a57e804-8449-4322-9d15-085950320ee7",
    "DrakenClawsBuff": "5a14e703-089a-4c81-9bf7-35a8fc9570a9",
    "DrakenClawsFeature": "f3cca690-e17a-4a39-8723-a71475c674b5",
    "DrakenScalesAcid": "84c8c78b-d7a2-4e93-bd60-daa05fc36e5a",
    "DrakenScalesCold": "87e60531-5e08-46e1-a349-2af989683608",
    "DrakenScalesElectricity": "e5662aba-66a7-474f-8695-616f49b7a964",
    "DrakenScalesFeature": "cd6726e7-2860-480f-b9d7-3446be96028b",
    "DrakenScalesFire": "f333772b-70ed-490f-bb7d-288de465d54e",
    "DrakePowersSelection": "a281a465-8967-47d3-a9ea-cc9ea612d64d",
    "DrakeRedPortrait": "5c063bc4-c28b-4f8c-a842-0ea1a8c65830",
    "DrakeSilverPortrait": "32617896-d875-475d-b7b6-892aedf00cd9",
    "DrakeSizeHugeFeature": "3a45711a-ee64-4b68-b60b-debe6195fce1",
    "DrakeSizeLarge": "747da327-99cd-40db-8bdf-2a1c5515f5dd",
    "DrakeSizeLargeBuff": "1f8bd048-0b40-4a34-b117-7cec9ee92896",
    "DrakeSizeLargeFeature": "8509a74f-13d0-4d2f-8855-a438618e27b1",
    "DrakeSizeMedium": "cafbb279-7226-4aa6-9ee2-a5a256fcdf47",
    "DrakeSizeMediumBuff": "c18a0b3c-65e1-4e0b-95ec-295b1071fd22",
    "DrakeSizeMediumFeature": "d40c085d-f1bc-4910-892f-8d446097613f",
    "DrakeSizeSmall": "889d6f8c-af79-4ff9-8abb-10c43b070206",
    "DrakeSizeSmallBuff": "ac168b94-7ba8-48a9-a16c-ae1df208050c",
    "DrakeSizeSmallFeature": "d97902ed-081f-44b5-a57d-c5d28653c3e0",
    "DrakeSizeTiny": "6a7d1257-65e8-4cb7-a63b-8df49b57cc68",
    "DrakeSizeTinyBuff": "2984980c-2546-44ea-868e-bd1401351db0",
    "DrakeSizeTinyFeature": "f4042b50-3c17-444f-af33-896eec78fc2f",
    "DrakeSpellbook": "4a8f5872-b45e-437f-92c8-217768fc7aa7",
    "DrakeSpellsDailyTable": "1b226331-e5b5-4dfa-a600-f6e67f2d604e",
    "DrakeSpellsKnownTable": "7e010efd-e564-4249-a240-68fc770cecc3",
    "DrakeSubtypeAir": "d3b34cc7-c308-4721-84b7-461fde24ecdb",
    "DrakeSubtypeCold": "f4f740c0-1be9-4bd1-9cd8-a2de78dc37ac",
    "DrakeSubtypeEarth": "9ea1ec6c-b81f-4cac-9bc0-1ef883000dcc",
    "DrakeSubtypeFire": "aab13b8c-7bb0-427b-8ab4-56f134168f10",
    "DrakeVisionFeature": "025d86e8-4a26-449e-896e-3b831efd25cd",
    "DrakeWardenArchetype": "b04274a2-db3a-406f-bcfa-a0728bbf079f",
    "DrakeWardenBondFeature": "9ad38e7b-0847-4383-a5d5-ff4a08e5f9a9",
    "DrakeWhitePortrait": "63ecf9ef-3d5a-472e-9378-2441e3656e32",
    "DreadfulCalm": "b301918b-8130-4c2b-afb0-5cc5abc7cce0",
    "DreadKnightAnimalCompanionProgression": "10ed6529-d1ff-4734-90ff-0ea7b6836ba7",
    "DreadKnightChannelNegativeEnergyAbility": "d33eed71-b992-4d38-8036-9a481eae576a",
    "DreadKnightChannelNegativeEnergyFeature": "6368faf6-e748-4845-838d-781c9e49918e",
    "DreadKnightChannelNegativeHealAbility": "4a7e96a9-6894-402c-b26a-da42e4532be9",
    "DreadknightClass": "11eebbcd-85dc-42ab-b83a-bcdfaf77a480",
    "DreadKnightClass": "d0eb4ca4-4e11-417c-9b2f-0208491067a0",
    "DreadKnightCompanionSelection": "87baeac4-f38e-46b8-a2e2-656c865ac46a",
    "DreadKnightProfaneMountFiendish": "c5a38846-83bf-4670-91af-2fc410f29301",
    "DreadKnightProficiencies": "c0626acc-5bf5-46da-bea7-ed4895900d10",
    "DreadKnightProgression": "164f6982-16e8-400d-9fd2-58d908460eab",
    "DreadKnightSpellbook": "fda83b75-d1b8-4858-9f3e-87a251560ff9",
    "DreadKnightSpellLevels": "6f7000ab-2f0b-488a-ab77-1f9a31501be7",
    "DrethaFeature": "9c5441c0-53bb-4132-bbdc-bab7664dc1ca",
    "EarthInvokeDeityAbility": "9064080e-7a75-4405-a893-e5dca44c7128",
    "EarthInvokeDeityBuff": "3f76e2bc-c079-412c-821e-63be2345ebf6",
    "ElvenPantheonSelection": "d85c1cd9-edfa-45e7-a39a-1002dd13d506",
    "EmpyrealLordSelection": "20bce6e8-8d9d-42d1-9a6b-6346e5b4ed3d",
    "EnlightnedPhilosopherDragonMysteryFeature": "09249a4f-24aa-42cd-bde5-707401094117",
    "EnlightnedPhilosopherDragonSpells": "c77e49e7-9b61-450d-8f15-1e21130d43e2",
    "EritriceFeature": "27bdb7a3-d07b-479b-8e21-fc3178ef1495",
    "EvilInvokeDeityAbility": "4370df33-39c7-4301-9735-4c47a37b0d7b",
    "EvilInvokeDeityBuff": "29fb12f6-0614-4c8e-99e3-e8e53e314f54",
    "EyesOfTheStormFeature": "e0c94959-7e22-478f-8d9c-845f217f3d16",
    "FadedGrace": "a77cfe3e-6ff8-4244-ace6-63367c6d2810",
    "FalaynaFeature": "7316c5a8-9dc9-4c62-98de-fb156da3b723",
    "FerocityDomainAllowed": "bed0abbd-4d11-404b-9879-2ee7344b863e",
    "FerocityDomainBaseAbility": "94ce026e-8a3b-4beb-9b04-a6bd7adf0d01",
    "FerocityDomainBaseBuff": "c262108f-e9a6-4055-8847-cd31e6903111",
    "FerocityDomainBaseFeature": "bc0b47b7-e762-4e26-a8f1-b89fdc98aa78",
    "FerocityDomainBaseResource": "fe793f91-21b7-4ff0-afcc-efac98a0c2a4",
    "FerocityDomainProgression": "d2ad8e23-eace-487f-b8a1-dfd5cb1e8f60",
    "FerocityDomainProgressionSecondary": "5e4a59a4-8ed1-4473-8934-6dcf8ac08580",
    "FerocityDomainSpellList": "ba0776dd-92ab-4e93-b07f-15b66583ee40",
    "FerocityDomainSpellListFeature": "83fe1ad5-7678-4ff9-b559-191f57fb4200",
    "FiendishWeaponAnarchicBuff": "9339b676-6cb1-46e3-a2de-12fa254b84d3",
    "FiendishWeaponAnarchicChoice": "fdd5cf49-9e39-493e-bcdb-8c10e21e7dfc",
    "FiendishWeaponBondFeature": "6de82b06-a168-453e-b13b-04093d57aae2",
    "FiendishWeaponBondPlus2": "940256d2-b6da-4758-925c-944a9084549c",
    "FiendishWeaponBondPlus3": "65a29256-f63e-4655-ba14-a922a530a36e",
    "FiendishWeaponBondPlus4": "d7b81314-a6cc-42fa-ba58-c6c82bd97037",
    "FiendishWeaponBondPlus5": "93e1e189-5a29-4652-9309-f400dc58ad9c",
    "FiendishWeaponBondPlus6": "a6130aa7-93f0-4fc3-b210-007bf499d45e",
    "FiendishWeaponBondProgression": "6c4b1f55-3f1f-405e-a51c-6d4815c4f635",
    "FiendishWeaponUnholyBuff": "7c260483-3333-4f7e-9e1b-480c464e9413",
    "FiendishWeaponUnholyChoice": "415bdab6-d593-4dad-ab49-433e441c4f8d",
    "FiendishWeaponViciousBuff": "faaa8837-8a98-43e6-bc5d-763847a944d5",
    "FiendishWeaponViciousChoice": "2f44f1df-3f43-45ea-a134-63fe07a271f5",
    "FiendishWeaponVorpalBuff": "38e35119-2837-4839-adab-768d72cb75a3",
    "FiendishWeaponVorpalChoice": "072241c4-ac96-40dd-9fc5-217a6315874f",
    "FindeladlaraFeature": "1edc5b95-9b7c-4c4d-a0df-240bd6a78f3e",
    "FireInvokeDeityAbility": "36639e5e-4b9d-44fe-b4d1-e4bdb76942e0",
    "FireInvokeDeityBuff": "a2870b41-e102-435c-90ba-51bc9ca9c425",
    "FireInvokeDeityBuffAbility": "dc246b91-f4be-47a4-bd82-7cf1851203df",
    "FumeiyoshiFeature": "b60358f0-2e20-41cf-b6dc-ed2fce05003a",
    "FuryOftheSunAbility": "accc5584-b62e-4e73-aa0a-693f725ddf60",
    "FuryOftheSunBuff": "ef0eecff-dc4d-4db0-8be9-07f700152d98",
    "GeneralSusumuFeature": "f2f182e7-2493-417e-a416-5051a92a8429",
    "GhatanothoaFeature": "d4bcf8a5-39c0-4db1-a096-a966c519ff54",
    "GhenshauFeature": "37d271b6-ff5d-4aa8-9fe6-1a972787d3e8",
    "GloomblindBoltsAbility": "e28f4633-c0a2-425d-8895-adf20cb22f8f",
    "GloryInvokeDeityAbility": "dc5321b8-be91-485a-84b3-1b8967ae3d94",
    "GloryInvokeDeityBuff": "a329df08-3319-4f60-8004-7241b0c1eca2",
    "GoodberryAbility": "f8774451-760a-427a-b469-4d10581cfda6",
    "GoodberryCooldown": "8ae5802a-fe46-434b-93a0-7c6073d421d2",
    "GoodberryItem": "68d78d54-678e-4852-99ac-c98a2d00ba3b",
    "GoodberryItemAbility": "3019fa73-9ec8-4be0-8d16-7e16dbf41ff1",
    "GoodInvokeDeityAbility": "d45771e5-8afd-496e-8c1e-44a38ae60ea1",
    "GoodInvokeDeityBuff": "aaa28654-9b6f-4af0-8d39-3befba011b6a",
    "HalcamoraFeature": "fb619cd2-a455-432b-aaca-e26a8778440d",
    "HasturFeature": "8d072509-a99a-4b65-a250-7c8b086d5929",
    "HathorFeature": "98daf7ea-f44f-4a64-bfe6-621d8b64c402",
    "HavocDragonLargeUnit": "357b7415-d930-467d-8cc8-9147dad185be",
    "HavocDragonMediumUnit": "6dc6e82c-accf-49c5-a376-0b323fe08fb5",
    "HavocDragonPetLarge": "4a0fcadc-0a2e-4dc7-a8c4-b33d6568d541",
    "HavocDragonPetMedium": "6a1c6dfe-b57c-48dd-80e4-734cb2ac6b91",
    "HealingInvokeDeityAbility": "1c30c281-5abd-4384-8a49-754eddc89372",
    "HealingInvokeDeityBuff": "0c9c6726-7698-453f-8f90-b2aa873f1728",
    "HeiFengFeature": "6ae0b4dd-acbd-434e-9846-83b84787efe4",
    "HellknightSigniferDreadknightLevelUp": "419906be-fe6b-4643-9bfd-b3eb38c5b994",
    "HellknightSigniferDreadknightProgression": "2d865c84-d6c3-4913-87ea-363569165445",
    "HollowBladesAbility": "bad01be5-ec68-4dc3-9019-269c6eff4d6f",
    "HollowBladesBuff": "7ebdb88d-a8b4-44e1-a61d-514ebc269678",
    "HorusFeature": "fa31f6e9-ea18-4254-8d6f-232f2ff06296",
    "HydraulicPushAbility": "490cc690-49be-462e-afec-f69d7030b07a",
    "IceDomainAllowed": "2af939f1-3068-4e1c-9f95-206845bf7650",
    "IceDomainBaseFeature": "8bf5b68e-f481-4ab3-b3e8-5de1ff5c43eb",
    "IceDomainFeature": "59d1be73-0b12-49f3-aff5-3ddd4a7e7fd9",
    "IceDomainGreaterAbility": "186314ce-3b98-4e0a-a49c-d5db039f8255",
    "IceDomainGreaterBuff": "4d6ad3ad-0548-4772-9e52-15dedd74b3b8",
    "IceDomainGreaterFeature": "2e706c18-603e-46f4-ba5d-ff2a21828bd8",
    "IceDomainGreaterResource": "2bb412f2-8b23-4d69-bf2f-3946f89147ed",
    "IceDomainProgression": "0c00ae28-3166-4989-8a61-3916ad48fd38",
    "IceDomainProgressionDruid": "2cb592f7-c7a8-4be2-ad34-a7508238fc85",
    "IceDomainProgressionSecondary": "3ffc1de9-ba9f-485d-aa1d-482db816d5d6",
    "IceDomainSpellList": "9fb556f1-27f6-4139-9666-aa4cf8ab4dee",
    "IceDomainSpellListFeature": "691bf651-31ed-4877-bdb3-51fd45b3a0f0",
    "IceDomainSpellListFeatureDruid": "42c05b2d-e0a0-4b0b-9dfd-8abf0ddd920a",
    "IlsurrishFeature": "75dfbb1e-be40-42cf-896f-00070a166e3b",
    "ImbrexFeature": "963e0e6a-ee1c-4c9e-915b-f11327ae2452",
    "ImmonhielFeature": "107e6fe5-e8ff-4364-a3c6-01e37faed00d",
    "ImotFeature": "597af87c-fd45-4202-bf5a-92b1efccdb63",
    "ImpenetrableScriptureFeature": "2a84c8ae-785b-4f0d-b933-f52d7ff7a39e",
    "ImpossibleSubdomainSelection": "8f240415-1c84-401e-8590-445c6be87963",
    "InflictPainAbility": "e023af1a-f9c1-4754-9a8e-7bd246967861",
    "InflictPainBuff": "4865223d-0cc1-4ba3-b994-f5090e01f652",
    "InflictPainMassAbility": "ff31ae1a-be3c-418d-b784-2dcc76eca7ee",
    "InspiringSongFeature": "072e234c-88fb-42dd-a903-50b098700bfd",
    "InvokeDeityAbility": "98f9c960-637f-4934-bc4c-ca02c45cb3bc",
    "IrezFeature": "859f4e21-afcd-4c5b-83ad-e222b3f19349",
    "IsisFeature": "28a14b2d-c238-49ab-9f8e-c28c7c33c19a",
    "IthaquaFeature": "7cf93270-df94-498a-8ae6-72046c7a6f97",
    "JaidzFeature": "47c77639-1845-4ddb-a434-5a9981dda94e",
    "JalaijataliFeature": "0bc299d8-5aed-47a0-a59b-8f50d811518c",
    "JerishallFeature": "b3aa378b-63f3-4fc7-96ae-b53ccc952bce",
    "KerkamothFeature": "8aa0a2be-a426-401b-8f95-5c60fe6cf1a2",
    "KetephysFeature": "be04dfb6-0ece-493f-bcaf-a050582d2ce9",
    "KhepriFeature": "62661308-f19f-4907-97a3-f0add902ca34",
    "KnowledgeDomainBaseFeatureDruid": "c29ad7b7-06e9-4f57-a75a-979cd9c0cf62",
    "KnowledgeDomainProgressionDruid": "e4ca4b2c-564e-4774-a6ee-8244494bfb2d",
    "KnowledgeDomainSpellListFeatureDruid": "4eb9d359-8c2f-4771-9efd-6a144717826c",
    "KnowledgeInvokeDeityAbility": "a931462a-7dde-47d3-884c-35e10c1a35ca",
    "KnowledgeInvokeDeityBuff": "25a4f691-ea2a-44c6-ac7c-6027ef3c7fdd",
    "KofusachiFeature": "f2a20b2d-a7e7-489d-9415-3c5f5521ea55",
    "KoradaFeature": "a17e5ba5-07e4-46c7-86b3-7b52abe3c506",
    "KurgessFeature": "47eed4d4-aaa3-4c92-893c-7e21a12ac430",
    "LadyNanbyoFeature": "bc0d1c2c-9389-4908-bab5-10d1a9fe96d5",
    "LalaciFeature": "47234f20-a4db-49d9-bfaa-cd5b0589c6ba",
    "LanishraFeature": "7b5214b9-9e5e-4ad2-a343-8773a17bf00d",
    "LaoShuPoFeature": "399f1b59-e742-40aa-92d3-624dfd0840f5",
    "LawInvokeDeityAbility": "9c47dd9e-876c-403f-b904-8cd054019606",
    "LawInvokeDeityBuff": "453e015a-2c7a-447e-88bf-8a99e6b202e2",
    "LiberationInvokeDeityAbility": "a7a0c366-de2d-44ec-b6af-aacc70a56aca",
    "LiberationInvokeDeityBuff": "f2a3709f-05d8-443c-b9ec-c8fd3d2ca758",
    "LivingScriptureArchetype": "ed24635a-f5be-47c8-89a2-6d43d6e8855f",
    "LongswordCompanion": "0f47b155-a13c-42e3-af25-77c90319a68a",
    "LongswordCompanionUnit": "5a8d4c37-ab63-46ad-b0be-0b953706c552",
    "LuckInvokeDeityAbility": "d91a333d-b072-435c-a354-773b872d257f",
    "LuckInvokeDeityBuff": "f0b5b0d4-babe-4238-b15c-cd0179182752",
    "LymnierisFeature": "52b39e8b-77d1-45d5-b836-e8c7ff555edd",
    "MaatFeature": "4ed97f89-6194-4b34-b41b-e4adfffb2fdc",
    "MadnessInvokeDeityAbility": "90f658ea-5383-429e-8678-c89771d19255",
    "MadnessInvokeDeityBuff": "ff34e012-ba61-4ede-afa9-3f1fb567312f",
    "MadnessInvokeDeityBuffAbility": "973bfac9-67ed-46f0-8b6d-dd175161fd3e",
    "MadnessInvokeDeityBuffAbilityCooldown": "c1dcdbf1-d42d-4c12-98b7-002bb13824c9",
    "MagdhFeature": "51865166-14c5-405c-9f4c-792629b30286",
    "MagicInvokeDeityAbility": "713b9cf7-f003-418c-ac7c-7701ee5f68f0",
    "MagicInvokeDeityBuff": "16d460ed-ac2f-4300-987d-196a009802c9",
    "MantisBleedBuff": "00c4f28e-401d-4e96-a712-9bb676248372",
    "MantisBleedEnchantment": "ee81e9a7-c0c7-485f-901b-e619177a0dec",
    "MantisZealotArchetype": "d37d72c6-ab72-4b91-a48d-a2efa83584a5",
    "MantisZealotProficiencies": "09718594-e6a4-4a8c-a42c-e20c024c147c",
    "MantisZealotSneakAttackFeature": "5fca70e4-1b20-45ce-a881-784c9b52ebdd",
    "MasteredCruelty": "c821be12-a3df-438d-9550-36d1de293ad7",
    "MephistophelesFeature": "3a4522e2-7f08-43e1-accd-0733ba18c427",
    "MharFeature": "7dea02de-0e0b-41d1-a03a-a6f9965bf285",
    "MilaniFeature": "c5c537c7-77db-48b7-bbe8-61414db4d366",
    "MilaniSacredWeaponFeature": "3f2b1251-c8b3-427d-9571-2a8a091ef517",
    "MonadFeature": "4e2bfab2-8bfe-46f1-a1a6-7316789b3130",
    "MonitorsSelection": "156a6a1e-62a2-4504-a47c-4d1e8b44982e",
    "MooncallerArchetype": "08151cf9-57a8-4792-ba00-baf2924b54a8",
    "MordiggianFeature": "0b02f567-7a4f-4d4a-9abc-686141d1b3b4",
    "MotherVultureFeature": "d58a5db8-36f7-4485-af55-05eaad1d41ba",
    "MrtyuFeature": "3cb816fe-d8c6-44e1-8717-1a223a5f4339",
    "MythicalDrakeMaster": "d815bba6-907f-403e-bde7-dabd0463e61d",
    "MythicalDrakePet": "ea041959-3fcf-47d6-ad91-02d7bc2bc674",
    "NaderiFeature": "36d75d0c-41fb-497c-98bf-3e07a1fe8b2e",
    "NalinivatiFeature": "3c8b2421-0c33-4ae7-b9e0-d9da532a08ef",
    "NarakaasFeature": "730cf5fe-f4d0-4c9b-ab30-9d6a9485b0f3",
    "NarrisemineFeature": "444b9c9c-8ef2-4cc7-a725-e9d67c884692",
    "NarriseminekFeature": "5d42dded-661a-4a9b-b4ce-6c3a0f79fe5d",
    "NeithFeature": "bdcb66ac-5ba3-498c-8784-094e1575f62c",
    "NephthysFeature": "e36173fd-924f-48fa-beec-e8d41540e9ec",
    "NgFeature": "0b2f8b8d-59dd-4d38-a4bd-1a2ba211c66f",
    "NhimbalothFeature": "a9d64923-14bd-4987-985a-d0bcce123ef6",
    "NightSightFeature": "ad11ad96-db23-4eee-a61e-5556654e8831",
    "NobilityDomainBaseFeatureDruid": "1f560bbf-aae3-4daa-a23c-db3469aa43e9",
    "NobilityDomainProgressionDruid": "eb2c9faa-43dd-474f-9ae4-873adef77cf0",
    "NobilityDomainSpellListFeatureDruid": "232a74f5-e34a-41af-bc22-87c7a8064593",
    "NobilityInvokeDeityAbility": "81821e30-bb4c-439b-8a01-7d8a36f266d0",
    "NobilityInvokeDeityBuff": "4dd74298-0b07-4e48-b262-e35cbba1b568",
    "NobilityInvokeDeityBuffAbility": "097a2404-d02a-4117-a1da-55f5cb97f12d",
    "NocticulaFeature": "e3805d65-1712-49eb-9780-d99511e71c03",
    "NulgrethFeature": "e40f96fa-035a-464a-bdaa-5c73e0c26f78",
    "NyarlathotepFeature": "9e09e409-4438-4ec0-8054-1f5c2a727508",
    "OathbreakerClass": "b35ce8ee-32c2-4bfd-8884-740f13aaee12",
    "OathbreakerProficiencies": "8ff9221c-7a70-444c-8e0c-b5cf6aff016b",
    "OathbreakerProgression": "93eb2173-7eba-4a56-9974-791bf587315c",
    "OathbreakersBaneAbility": "507879c4-4d4f-49d0-8215-9c43c3842ffd",
    "OathbreakersBaneBuff": "7f65f533-9ba9-43c5-afc4-b814f1cac601",
    "OathbreakersBaneFeature": "a530b093-1e58-401e-9d0c-6b26ca55bb1a",
    "OathbreakersBaneResource": "9f4099a6-73ad-4f59-9581-f942323d6c66",
    "OathbreakersBaneUse": "f516a0d7-8c3c-4063-abb4-c984fca11865",
    "OathbreakersDirectionAbility": "7dae9ecd-cfb5-43a4-942e-0be6f40b8a6a",
    "OathbreakersDirectionAbilitySwift": "d6ef148d-82f0-44c5-820b-8bf0a7abdbff",
    "OathbreakersDirectionBuff": "c261f707-8764-4059-80c2-d3315f626a8f",
    "OathbreakersDirectionBuffAllies": "d956f69b-5ee0-47a1-954e-23bb354730b9",
    "OathbreakersDirectionFeature": "ce68cc61-3b88-4862-a037-e00074708e88",
    "OathbreakersDirectionIncrease": "a1b86660-50ec-4c7e-9c2d-498a0b6fe64c",
    "OathbreakersDirectionSwiftFeature": "859fb55e-6340-4a5f-b129-ccb6b193e1ec",
    "OathbreakerSoloTactics": "407e4909-7704-458a-98e1-5423cf313215",
    "OathbreakerStalwart": "136ef953-0d33-4929-a775-2f81a31cfbf5",
    "OathbreakerTeamworkFeat": "f6ca9b1e-6002-4ab7-8553-79b8db9ec980",
    "OceansEchoAncestorsMysteryFeature": "ba3c7361-1336-4b19-8fc5-90f653941e9b",
    "OceansEchoAncestorsSpells": "005961b1-62d7-4089-ac94-a1f235835558",
    "OceansEchoArchetype": "aa2ba4cb-159f-4b3a-9013-d5392c7ca6a0",
    "OceansEchoBattleMysteryFeature": "5d761668-983b-4fb6-a1da-74c0c9b1b1de",
    "OceansEchoBattleSpells": "b428e52e-e882-427c-87c7-ecc1c11a3d90",
    "OceansEchoBonesMysteryFeature": "649bb6b3-1826-4282-8db8-38a2b1b2cad3",
    "OceansEchoBonesSpells": "e62dcbb2-b00a-47e6-a6ef-e24043676ff2",
    "OceansEchoDragonMysteryFeature": "7f683717-74fa-4dd5-8abb-910259a2d995",
    "OceansEchoDragonSpells": "fe49b6bc-7e26-4be4-822c-115382a6e646",
    "OceansEchoFlameMysteryFeature": "a8fd6479-93a0-4ce5-b9b3-654ca062cb6f",
    "OceansEchoFlameSpells": "8efbf888-accd-4614-88b9-ee84f791d883",
    "OceansEchoInspireCompetenceFeature": "05b30322-72d1-4082-8892-ac846cc9eacc",
    "OceansEchoInspireCompetenceToggleAbility": "328e4e1a-627d-4883-afa0-e4061a1074b0",
    "OceansEchoInspireCourageFeature": "90fc10e9-7ee1-4542-ad40-8cafd7df880d",
    "OceansEchoInspireCourageToggleAbility": "c7a141bb-1785-44e1-aa88-0f2b0a9299ed",
    "OceansEchoInspireHeroicsFeature": "3d2a64f5-ffa8-4963-af06-eeb3d079ba6f",
    "OceansEchoInspireHeroicsToggleAbility": "ff99e4ea-1ca5-4e6d-bc3c-1b6cb3a1ef3b",
    "OceansEchoLifeMysteryFeature": "f16f80ee-bf7d-4913-93cf-f754eb9e38f8",
    "OceansEchoLifeSpells": "8b3d7b3b-c815-4f6c-a91c-0ea1fb580c62",
    "OceansEchoMysterySelection": "a8044859-fd51-414e-972f-a74c4ccf9068",
    "OceansEchoNatureMysteryFeature": "a1799fd5-36c9-4707-9a56-61393195ad22",
    "OceansEchoNatureSpells": "26a1c90a-6b19-4170-87c5-442d00417f59",
    "OceansEchoStoneMysteryFeature": "7defdcf7-b371-447e-8acc-c70841262a72",
    "OceansEchoStoneSpells": "a56730cb-09eb-4090-bf3c-496c3d267aeb",
    "OceansEchoWavesMysteryFeature": "10615fe6-2003-4b26-9d9c-cfdc702a3c06",
    "OceansEchoWavesSpells": "a87af19f-7b6d-4603-8926-301bf7cd634f",
    "OceansEchoWindMysteryFeature": "594b133e-f5d7-46e7-810d-9e1f2ae4aa41",
    "OceansEchoWindSpells": "6e7a3e7d-8b42-4aba-aa36-ac0c11b8b1e1",
    "OlheonFeature": "39bae698-bff5-4a96-b1df-8b47b803736d",
    "OracleDragonFinalRevelation": "e65f7cbe-ed89-41c3-abd4-3650ac0af228",
    "OracleDragonFinalRevelationAcid": "0c893a3d-920a-4894-89d8-a78cd09cea6d",
    "OracleDragonFinalRevelationCold": "17a78b20-62bc-4859-abb5-d3ada4cdfe38",
    "OracleDragonFinalRevelationElectric": "c089b31b-657a-44c8-aed4-1405ca677fc6",
    "OracleDragonFinalRevelationFire": "350fea78-86ee-4c56-8d8f-3c0812664194",
    "OracleDragonMysteryFeature": "c0a7cc27-1b2b-438b-ac8c-362656aa428c",
    "OracleDragonMysteryFlagAcid": "ce52d18e-4efd-4ff0-9d59-cd8909762d04",
    "OracleDragonMysteryFlagCold": "921b596d-ed6d-43f6-9b31-e36e5608d30b",
    "OracleDragonMysteryFlagElectric": "7ad07d20-8588-4dd6-a93f-93d917b2af28",
    "OracleDragonMysteryFlagFire": "201dcf6a-f1d1-40d3-885a-a787c6606b34",
    "OracleDragonSensesBlindsense": "481e1ab6-1ec0-443b-a907-de01d9598e55",
    "OracleDragonSpells": "ce286506-15d3-4792-885b-74a33a3c211d",
    "OracleRevelationDraconicResistancesAcidLevel1": "d0223c90-07d8-4570-9956-e6e7df995292",
    "OracleRevelationDraconicResistancesAcidLevel2": "77dec0ed-d56f-49eb-b686-90d5ff11b9e0",
    "OracleRevelationDraconicResistancesAcidProgress": "0fb6f682-e169-4c0e-8fb1-b4402ea6df7a",
    "OracleRevelationDraconicResistancesColdLevel1": "acc29d95-dd43-497b-83c0-c5751a077fe6",
    "OracleRevelationDraconicResistancesColdLevel2": "52f733fb-d0e4-41b4-9977-9b194aa4377a",
    "OracleRevelationDraconicResistancesColdProgress": "40d1bac8-1812-42b5-9860-a0c86d274e86",
    "OracleRevelationDraconicResistancesElectricLevel1": "83473152-2a6d-4d55-97f0-484fc0112223",
    "OracleRevelationDraconicResistancesElectricLevel2": "6cec0ab4-c66d-4cb7-b759-82b7e9e51058",
    "OracleRevelationDraconicResistancesElectricProgress": "fe10858a-672f-4e30-b334-3b4802b40d13",
    "OracleRevelationDraconicResistancesFireLevel1": "324bf4a2-7c68-4f76-97da-1952b2452e13",
    "OracleRevelationDraconicResistancesFireLevel2": "12b9ea1f-5752-4724-b513-f0068cbc9ba7",
    "OracleRevelationDraconicResistancesFireProgress": "6828bbd9-088e-432e-8ad0-3de7076b3d79",
    "OracleRevelationDraconicResistancesSelection": "b7c727fb-48e6-40fc-9f44-b201816f1335",
    "OracleRevelationDragonBreathAcidConeFeature": "bde0313e-4f31-4d2f-bb5d-7d5a273812e3",
    "OracleRevelationDragonBreathAcidLineFeature": "888c6d93-7525-47cd-9d87-b77de121662e",
    "OracleRevelationDragonBreathColdConeFeature": "1b9df6a0-af82-4ce7-9fee-1cb1428ad10d",
    "OracleRevelationDragonBreathColdLineFeature": "a7e32d44-b020-4277-8d1a-e630013ef4be",
    "OracleRevelationDragonBreathCooldown": "d08907a8-13ea-4ce8-8364-dfb49f479dc0",
    "OracleRevelationDragonBreathElectricConeFeature": "7e1e1698-4606-40f4-a3d3-7b3661965928",
    "OracleRevelationDragonBreathElectricLineFeature": "2b45c908-3c32-4d1e-8114-d94fddc05b2c",
    "OracleRevelationDragonBreathFireConeFeature": "3797134b-fa59-4f0e-94b2-c65f32245a8b",
    "OracleRevelationDragonBreathFireLineFeature": "72b9a16c-8ac2-4724-a852-34248f66772b",
    "OracleRevelationDragonBreathWeaponAcidConeAbility": "4a198526-5b17-46ce-9c8f-e5279135a5bd",
    "OracleRevelationDragonBreathWeaponAcidLineAbility": "802bd366-b260-4586-8642-67aab4cf0ea0",
    "OracleRevelationDragonBreathWeaponColdConeAbility": "84ccba9c-9ba4-4f68-a440-1e90cf6213da",
    "OracleRevelationDragonBreathWeaponColdLineAbility": "40633659-5357-406d-90e3-58b05bc411df",
    "OracleRevelationDragonBreathWeaponElectricConeAbility": "ca5eb3a9-201b-49b1-9877-95df5076b822",
    "OracleRevelationDragonBreathWeaponElectricLineAbility": "ba99fa5f-65e1-4a2b-9d11-d06ebf72a1ba",
    "OracleRevelationDragonBreathWeaponFireConeAbility": "429ab3f4-7211-4992-abdd-7544260db046",
    "OracleRevelationDragonBreathWeaponFireLineAbility": "36725e23-3036-4ef9-8240-b29f31443b0e",
    "OracleRevelationDragonBreathWeaponResource": "ff0629d4-b5fe-4bfa-8c9c-6906163772d8",
    "OracleRevelationDragonBreathWeaponSelection": "2e65346c-0b6a-4460-af77-2bc93828beb7",
    "OracleRevelationDragonSenses": "89a82556-41c4-4ad6-bb0d-794f123a9c55",
    "OracleRevelationDragonTalonsAcid": "f17edf8e-5abc-4193-b8cc-4321e0dd6cad",
    "OracleRevelationDragonTalonsAcidLevel1": "4ae06892-8ed2-465e-8e41-a64f72620f04",
    "OracleRevelationDragonTalonsAcidLevel2": "006d8082-73d1-469f-a23e-e1404db0c269",
    "OracleRevelationDragonTalonsAcidLevel3": "44e7b677-170e-4414-9041-19da41ff5832",
    "OracleRevelationDragonTalonsCold": "43f9d9a0-2051-4eec-be61-408fd339e2bb",
    "OracleRevelationDragonTalonsColdLevel1": "81ec6d3f-9818-48a3-a2be-68c907ef74c2",
    "OracleRevelationDragonTalonsColdLevel2": "d0511b6b-4fc6-486a-84d2-31a2419e216e",
    "OracleRevelationDragonTalonsColdLevel3": "f192a2b5-e927-4c43-bf5b-5bf04e899045",
    "OracleRevelationDragonTalonsElectric": "9257abe2-b33c-4321-b480-4b80db83a255",
    "OracleRevelationDragonTalonsElectricLevel1": "d27f6f52-233c-4f23-ad41-7bf5b20d9aa4",
    "OracleRevelationDragonTalonsElectricLevel2": "a29239e1-2094-4d93-8a2c-52861772c315",
    "OracleRevelationDragonTalonsElectricLevel3": "9a37897d-7b79-47a5-8b1b-5120df2a0c0a",
    "OracleRevelationDragonTalonsFire": "186fb376-840d-4f83-a28d-597e72baa1d6",
    "OracleRevelationDragonTalonsFireLevel1": "faee673e-aeb2-4bfd-bd02-ebdc1323feb5",
    "OracleRevelationDragonTalonsFireLevel2": "f27a96b4-d100-49a9-842f-77c20f8f372b",
    "OracleRevelationDragonTalonsFireLevel3": "fc7343f3-3382-4f9d-8564-8f13ced72112",
    "OracleRevelationDragonTalonsSelection": "cc1feff4-7fc9-4f71-9f5a-672025acae70",
    "OracleRevelationFormOfTheDragon1": "3ba6cc98-57c9-47d3-92d7-ba660297180a",
    "OracleRevelationFormOfTheDragon1Feature": "64675fed-900e-4627-a65c-45dec46042a6",
    "OracleRevelationFormOfTheDragon2": "1f161255-1ab3-4ca4-84f2-40c4a1ecd509",
    "OracleRevelationFormOfTheDragon2Feature": "250fdf07-ea77-463e-bf7c-082d880c1bc1",
    "OracleRevelationFormOfTheDragon3": "db750046-56bd-457f-bd62-621cf92c4bd0",
    "OracleRevelationFormOfTheDragon3Feature": "152ffdaf-9923-4914-a206-7b86b4ac2cef",
    "OracleRevelationFormOfTheDragonBlack1": "5c699d5a-9af5-43ef-86a8-765fbe9d1ba2",
    "OracleRevelationFormOfTheDragonBlack2": "87f9c4fd-33ae-486f-a717-a9994b096c0f",
    "OracleRevelationFormOfTheDragonBlack3": "ed0f47f1-ca75-4969-bf8e-e6d9351abafe",
    "OracleRevelationFormOfTheDragonBlue1": "c5ea03c5-62ba-4900-8d5f-db40810ffda1",
    "OracleRevelationFormOfTheDragonBlue2": "3a850f54-692d-4f5b-9cf8-1ac3af5f3f79",
    "OracleRevelationFormOfTheDragonBlue3": "7cd3acb4-be9f-4b0a-b99c-98959a074f8f",
    "OracleRevelationFormOfTheDragonBrass1": "c0be201c-1d03-4c60-a4b3-6c3a45a5cb70",
    "OracleRevelationFormOfTheDragonBrass2": "33937aec-7278-4d4d-ab6d-e72e3a74fbe1",
    "OracleRevelationFormOfTheDragonBrass3": "96cc9232-02fb-46c8-b344-d795dfcc416b",
    "OracleRevelationFormOfTheDragonFeature": "d3568c4a-b102-46eb-b561-1eb3c6019316",
    "OracleRevelationFormOfTheDragonGreen1": "2d2419f1-07ce-4232-8f71-9eff00f380e9",
    "OracleRevelationFormOfTheDragonGreen2": "402d0014-8187-4f88-9c0c-86296ebae1f6",
    "OracleRevelationFormOfTheDragonGreen3": "dd681b94-f652-474c-aa73-1b159b5bfc8a",
    "OracleRevelationFormOfTheDragonRed1": "b3406c5b-bfd2-4b4c-876a-7c8e0fce0239",
    "OracleRevelationFormOfTheDragonRed2": "95aab496-8666-4319-8e85-86a12e5920e7",
    "OracleRevelationFormOfTheDragonRed3": "8ed61313-4c17-4485-a621-e18c30b53380",
    "OracleRevelationFormOfTheDragonResource": "e9c14230-9887-4ce1-94b6-2e73f7aee0d8",
    "OracleRevelationFormOfTheDragonSilver1": "46587870-00a1-4aec-90f7-33d235c93805",
    "OracleRevelationFormOfTheDragonSilver2": "1f9a52a7-0fd1-4870-a714-14090f62129c",
    "OracleRevelationFormOfTheDragonSilver3": "3912cdf9-1102-4043-8df7-2bbf722521d8",
    "OracleRevelationFormOfTheDragonWhite1": "65d202ff-b22a-4b82-a710-6cca525eaa8d",
    "OracleRevelationFormOfTheDragonWhite2": "c9f44de8-ef56-4c81-96cc-13b879c369ec",
    "OracleRevelationFormOfTheDragonWhite3": "efa47b61-672a-47df-a59f-40384ddeca03",
    "OracleRevelationPresenceOfDragons": "6d421f16-dbb6-483a-b99d-f844b669866f",
    "OracleRevelationPresenceOfDragonsAbility": "8865c3ee-ab9c-4b04-b21a-fbcf9dd20811",
    "OracleRevelationPresenceOfDragonsCooldown": "5fb29935-29b7-44bf-8464-c4e6026e01e7",
    "OracleRevelationPresenceOfDragonsResource": "0c3b3941-400b-41a1-b60f-8a96cef56fe6",
    "OracleRevelationScaledToughness": "728f1671-c601-40b0-941d-b348d0985901",
    "OracleRevelationScaledToughnessAbility": "0a13eafb-804a-4c50-bbd5-f0f9ee07d078",
    "OracleRevelationScaledToughnessBuff": "b9045d76-56ae-4a76-9309-dd9399137642",
    "OracleRevelationScaledToughnessResource": "b21dd2a6-694e-4444-a38c-1ace559a8ac4",
    "OracleRevelationWingsOfTheDragonBlackAbility": "acf77682-aa6c-4f5c-b8f7-e885b87e6953",
    "OracleRevelationWingsOfTheDragonBlackFeature": "191f68c2-4f6a-451c-b34b-7d307ee1a29f",
    "OracleRevelationWingsOfTheDragonBlueAbility": "1d00de49-8347-491c-8f65-0a23848c75ab",
    "OracleRevelationWingsOfTheDragonBlueFeature": "11c21a39-dc8d-4e92-beda-2d019f302f51",
    "OracleRevelationWingsOfTheDragonBrassAbility": "8a5d7382-9969-46af-b223-65574fc6556a",
    "OracleRevelationWingsOfTheDragonBrassFeature": "d590d199-5442-4443-bd97-c1a0475c567a",
    "OracleRevelationWingsOfTheDragonBronzeAbility": "d566f5d0-4c5e-4e72-a30f-2d7d611eb097",
    "OracleRevelationWingsOfTheDragonBronzeFeature": "cf883c08-0896-4ca7-94e4-a34c2fc563d3",
    "OracleRevelationWingsOfTheDragonCopperAbility": "67a26407-4251-4500-af66-21954f4a1b82",
    "OracleRevelationWingsOfTheDragonCopperFeature": "1e38f93d-7e3d-4e5d-9ca7-8c4c1af09cd0",
    "OracleRevelationWingsOfTheDragonExtraUse9": "0b138ea5-122c-40b7-8063-83fbf105580f",
    "OracleRevelationWingsOfTheDragonExtraUse99": "b43c9663-7cbb-4b5f-9679-dac9fbd0cbc2",
    "OracleRevelationWingsOfTheDragonGoldAbility": "725384e6-84cc-4b41-9c0a-027b17d6bb9d",
    "OracleRevelationWingsOfTheDragonGoldFeature": "dce84457-bebe-4041-8530-4655f4cb8261",
    "OracleRevelationWingsOfTheDragonGreenAbility": "c553f388-269d-41c0-8186-5295cc1d715f",
    "OracleRevelationWingsOfTheDragonGreenFeature": "c089b7a0-cc49-4ddc-892a-df096823e3d0",
    "OracleRevelationWingsOfTheDragonProgression": "2fbe9661-cf22-4194-9da6-ace7dda86ce8",
    "OracleRevelationWingsOfTheDragonRedAbility": "fe9916aa-bae0-48fe-9996-eed9743a9ccc",
    "OracleRevelationWingsOfTheDragonRedFeature": "72aa1928-3656-48c7-b431-edaa29c51c90",
    "OracleRevelationWingsOfTheDragonResource": "2cd70876-7222-4b92-831f-a77e21eacd73",
    "OracleRevelationWingsOfTheDragonSelection": "decc72bb-4f80-468e-a8c4-f2f78ba6bfa7",
    "OracleRevelationWingsOfTheDragonSilverAbility": "13093c61-7eef-4377-8c46-07ad7f5219f0",
    "OracleRevelationWingsOfTheDragonSilverFeature": "29c9fbbd-8d49-4419-86f9-121cff777b2b",
    "OracleRevelationWingsOfTheDragonUnlimited": "454902db-2e0c-42a4-ade9-c0e3ea06fa4f",
    "OracleRevelationWingsOfTheDragonWhiteAbility": "1faba244-1ab2-4bd8-b445-38c4dd01f6ff",
    "OracleRevelationWingsOfTheDragonWhiteFeature": "f6d0b61a-d985-443e-89e7-4a42d0a3d1a3",
    "OrcPantheonSelection": "4f38ddbc-703f-41f4-a40a-81831fe3a139",
    "OrgeshFeature": "fd596e12-2bfb-48aa-8449-906762cc749f",
    "OsirisFeature": "0d35981d-3632-4e02-a0b9-0571da8d716d",
    "OtolmensFeature": "e7f5ed5c-afd1-413f-9e26-e7a669572e21",
    "PantheonSelection": "15a1f975-029e-49bb-b8b3-ac712806b34a",
    "PazuzuFeature": "ff3a6e43-58ed-42c0-93d3-0f379f0c4b8e",
    "PerformanceCooldown": "654f482e-ccfc-4157-becb-8152f2a5e3c3",
    "PhilosophiesSelection": "c2bd9f7e-2b05-4814-acaa-a66db2a0c765",
    "PhlegyasFeature": "acb34f4e-3695-491e-b50d-a95db8528a03",
    "PicoperiFeature": "117fb26b-228d-4681-8475-21570e3e403b",
    "PlagueBringer": "f1d0a781-03ea-4b09-887b-c662d5ba1ed0",
    "PlantInvokeDeityAbility": "33631eaa-7374-4137-bf00-0f429fa1f85a",
    "PlantInvokeDeityBuff": "ec5f987d-b046-47b2-86ec-86869428a92f",
    "ProfaneBoonSelection": "3f05d12d-164c-4f3a-bd22-1de1aabb2f53",
    "ProfaneChampion": "776cd956-30a2-4ea8-bb4d-cf27f9109ba8",
    "ProfaneLordFeature": "05b6fafd-ae63-41dd-9ca9-221190023b87",
    "ProfaneResilience": "c45e485a-d06e-4c27-85b3-ddd390038a5e",
    "ProtectionDomainBaseFeatureDruid": "4ef36ba4-b183-4fc6-a74f-85ddc6d866cc",
    "ProtectionDomainProgressionDruid": "ee747d3f-5dec-46ee-951a-f7ae208198da",
    "ProtectionDomainSpellListFeatureDruid": "4cb3d19b-58c0-4305-b2f7-36cc7e800d79",
    "ProtectionInvokeDeityAbility": "4b277492-1df5-4fb8-9476-fe1dafee04ff",
    "PsychopompDomainDeathAllowed": "9c8ca124-c701-4aee-b957-8e600899a1ac",
    "PsychopompDomainDeathBaseFeature": "92eef3af-76c2-4823-8278-43ac9bb52986",
    "PsychopompDomainDeathProgression": "2d584273-1c77-4463-b9ba-6161d1705c18",
    "PsychopompDomainDeathProgressionSecondary": "5c9679df-f3c1-4559-8c9c-4982a764031f",
    "PsychopompDomainDeathSpellList": "3f67e460-c138-4ffa-8235-d9dff097f3c5",
    "PsychopompDomainDeathSpellListFeature": "63461076-7f75-4eed-b11d-931fd047cfae",
    "PsychopompDomainGreaterAbility": "8d254a8b-656e-497f-a1b6-4e0151c57e36",
    "PsychopompDomainGreaterBuff": "e9c3d82a-fe3a-4be2-b992-e0ffd08aed19",
    "PsychopompDomainGreaterFeature": "093cfd5c-a577-4a0f-b445-c88819fff8fd",
    "PsychopompDomainGreaterResource": "9cf88454-d467-4050-a9d9-9708661f4673",
    "PsychopompDomainReposeAllowed": "75663212-c689-491c-a1df-19e13c043de0",
    "PsychopompDomainReposeBaseFeature": "a04a40dd-6ae8-4806-88f0-02c412d4e5b1",
    "PsychopompDomainReposeProgression": "7690d1cb-99b6-4117-9339-15bd50a6f27a",
    "PsychopompDomainReposeProgressionSecondary": "4966427e-e8f2-4294-bcbe-2d2b46704db0",
    "PsychopompDomainReposeSpellList": "8d077bd1-0d99-482e-a37e-913c12f3c6c8",
    "PsychopompDomainReposeSpellListFeature": "aa0bda49-30c6-480a-a3ea-0bdd4ee444f6",
    "PtahFeature": "19749e82-674a-4027-94ad-c20e051894ef",
    "PurgingFinale": "6eff7010-6841-43c5-bcd4-7120718c75ef",
    "PurgingFinaleDazzled": "c9aaed93-2d41-455c-83d1-cd160007a0e8",
    "PurgingFinaleExhausted": "647acaa5-e862-4656-ab63-82995c0657c3",
    "PurgingFinaleParalyzed": "4b791509-1a63-491e-b1df-d9b6e5563de8",
    "PurgingFinaleShaken": "2e5113e3-857f-43c1-bebb-b15c71b06783",
    "PurgingFinaleStunned": "c0c60baf-9432-4a80-893f-bd79ef24affc",
    "QiZhongFeature": "8f44441a-e158-4cf4-93cd-8f44227b052a",
    "RaFeature": "e10f68be-fccd-4afb-a32a-3f32c328e4b6",
    "RagadahnFeature": "3d2c0af9-3888-44e4-a551-5c5b2d380924",
    "RagathielFeature": "f79778d7-281c-4b9d-8e77-8f86812707aa",
    "RageDomainAllowed": "4662bcb9-888f-4ca0-bd81-1f5629db6685",
    "RageDomainBaseFeature": "7286413c-34ed-49c0-9543-fb63f68a2cbc",
    "RageDomainExtraRage": "a6836243-34c7-474c-8def-7f97b2d57958",
    "RageDomainProgression": "7198bee2-e30f-499e-bab2-c0239d0e80f3",
    "RageDomainProgressionDruid": "c03e284b-a68c-48ac-83b9-a7cdf7127b44",
    "RageDomainProgressionSecondary": "f3652bf9-709d-4f4d-af0e-3e93b36455e4",
    "RageDomainSpellList": "6e77951c-cd32-4374-b82e-077ba7d4a791",
    "RageDomainSpellListFeature": "9a8ad128-708a-4b15-a544-a74053aa9f84",
    "RageDomainSpellListFeatureDruid": "a5433f93-af4f-41f2-96c3-538396fb81a6",
    "RedDrakeCompanion": "57bce562-b6a8-4be6-ace8-4b5410af7a17",
    "ReposeDomainBaseFeatureDruid": "86ed16c2-81e4-4238-92f6-e4d64369e998",
    "ReposeDomainProgressionDruid": "4969dfb5-36fe-41bf-8713-eab22766daec",
    "ReposeDomainSpellListFeatureDruid": "e484b61b-2fd0-4924-acdd-99eaaf5c7b08",
    "ReposeInvokeDeityAbility": "40a24813-5ac5-4619-b9ef-a98245d1e822",
    "ReposeInvokeDeityBuff": "66577a25-f532-48a0-ac69-8397880ba310",
    "ResistCallOfTheWildFeature": "18ee7c70-0d27-42ec-8670-04029a3d06d0",
    "ResistDragonsMightFeature": "467cc18a-afd7-4858-abb2-d6da7c712e8a",
    "RevelationDomainAllowed": "49cf064c-f084-49e4-bb36-1012e7cabc21",
    "RevelationDomainBaseFeature": "87b46853-5187-4421-94f3-7c787bf8923a",
    "RevelationDomainGuidedEyes": "c4058509-fd80-465f-862c-d81a8e832a23",
    "RevelationDomainProgression": "cf4370bd-2fa7-4e02-a70f-735283e896c3",
    "RevelationDomainProgressionSecondary": "be936be4-2d86-4458-80fc-6beae00b74c9",
    "RevelationDomainSpellList": "c4021047-9a3c-4a53-9468-0bafd34156ba",
    "RevelationDomainSpellListFeature": "d6c1e944-9bf3-44f8-9f1b-47c2523ae608",
    "RevivingFinale": "9f8ab280-738a-4578-a294-ccb8f0b25fa7",
    "RevolutionDomainAllowed": "2f2f0550-919c-48e7-a361-dcd734baf27a",
    "RevolutionDomainBaseFeature": "6a0da1b1-1c3a-40b3-80f8-a216de941c80",
    "RevolutionDomainGreaterAbility": "2e30d252-7bab-4e49-9a24-d347d7d3a2c1",
    "RevolutionDomainGreaterBuff": "a089e2eb-071d-40e3-a38b-0f99e3650dfc",
    "RevolutionDomainGreaterFeature": "983e2b1a-e6b6-43e0-a416-ba17904ac058",
    "RevolutionDomainGreaterResource": "1f753235-9b89-4a51-bbe2-ba8050f80fb4",
    "RevolutionDomainProgression": "76ef5ba4-604d-44b8-b799-2251aa11ceea",
    "RevolutionDomainProgressionSecondary": "bafb6dc0-292a-4884-9651-76638ffc027b",
    "RevolutionDomainSpellList": "83d266af-29f8-460a-870b-a0134c393f0e",
    "RevolutionDomainSpellListFeature": "5a2a8584-e68a-4448-9d1d-1529d900bfff",
    "RhanTegothFeature": "285cdde6-0375-4c1d-aa33-d6baa5883160",
    "RigorMortisAbility": "2bba0384-72a6-4f67-b235-674c7e27d90c",
    "RigorMortisBuff": "70f7386c-c79c-4cd1-a9a7-5d53e9a7bcf6",
    "RiversDomainAllowed": "aa9919ce-50a6-4f2b-a15f-76d8d0afc841",
    "RiversDomainBaseAbility": "fdc00193-cfde-44cf-ac65-29cd9d7ecc07",
    "RiversDomainBaseBuff": "8389fc3d-c3ac-4337-9a89-ebaf5b3a6b3a",
    "RiversDomainBaseFeature": "58d8fd93-08ac-4f00-b09a-fdce6b724336",
    "RiversDomainBaseResource": "2e0df8f7-d92c-45af-a434-2e1265eb4532",
    "RiversDomainProgression": "40a47e98-61c0-4451-8dbe-fa0634820904",
    "RiversDomainProgressionDruid": "a5454cde-fab4-4b1d-a5ba-7b6c3b665c5c",
    "RiversDomainProgressionSecondary": "472fa544-2ae7-490b-91b8-6c1af04a4e3d",
    "RiversDomainSpellList": "81fea2c6-fa82-4eee-8fa3-aa60fc07c891",
    "RiversDomainSpellListFeature": "652205f4-40bd-4ec1-b69c-c47b48505489",
    "RiversDomainSpellListFeatureDruid": "cbc1eab6-29d7-45be-952d-1c78059ef064",
    "RowdroshFeature": "ee979548-2b7b-4e80-99aa-4c7ffda1b4db",
    "RullFeature": "5998d12b-5d02-4f28-8ddf-869d395a8d0f",
    "RuneDomainBaseFeatureDruid": "b65fa131-0f29-4332-8dbe-5d7b1049641b",
    "RuneDomainProgressionDruid": "a0279823-4696-438e-9fd6-5b436226eb5c",
    "RuneDomainSpellListFeatureDruid": "a214079d-f572-47fc-98c2-4b31f0d25fbd",
    "SacredReflexesAbility": "d84db5c0-06a1-4aff-b84a-8f97ea628601",
    "SacredReflexesAbility1Buff": "2970d8a2-8a20-43fc-89ef-b94a1aade3d1",
    "SacredReflexesAbility2": "97eed03c-8deb-4a31-b380-7b881a1bed71",
    "SacredReflexesAbility2Buff": "198a6e86-4de5-402c-8ef8-6e02b32385e1",
    "SacredReflexesAbility3": "747dc9ec-afb7-44ff-8dab-728f8a37145b",
    "SacredReflexesAbility3Buff": "1a06dde8-bdff-4de4-a2d6-4dc078f06236",
    "SacredReflexesAbility4": "4b846ccb-9cb9-40e2-acf9-765691fbe7d7",
    "SacredReflexesAbility4Buff": "9e5e3cf0-eb19-4359-a5ca-79444eb35a6d",
    "SacredReflexesAbilityResource": "e0ad8211-a7e8-4857-a21a-7b4068670aab",
    "SacredReflexesFeature1": "b6295962-0e9d-4e88-8e1e-c2e933ffe1bf",
    "SacredReflexesFeature2": "bc8a01ae-a9e6-4244-9d5f-ca6492edaa5a",
    "SacredReflexesFeature3": "98284916-b7ce-40b1-9bd7-182d9a8e1965",
    "SacredReflexesFeature4": "ac93bae3-c24a-446a-8624-319006be2644",
    "SalocFeature": "77a74e2f-48c9-4f31-ad20-36781cfbd851",
    "SawtoothSabreStyle": "24e8abd4-1a3b-4573-a931-65ff7980e522",
    "ScalykindBaseAbility": "26ef14d7-5e4a-48f6-a0eb-b4323b9139e3",
    "ScalykindCompanionSelectionDomain": "41db7508-c821-4805-b441-6ec0102cb774",
    "ScalykindDomainAllowed": "ae47a494-c900-4f2e-8880-dd3588551663",
    "ScalykindDomainBaseFeature": "513d7fd7-ca96-4af6-81d0-2f4c6171ff9b",
    "ScalykindDomainBaseResource": "8b86a8f1-882f-42fc-b1bf-aaf5e6da56fd",
    "ScalykindDomainFeature": "ad22c4a2-41d2-4cd3-a93a-67470a652296",
    "ScalykindDomainProgression": "f6afd7e1-7c83-4ff8-85ff-336b88ef51fc",
    "ScalykindDomainProgressionSecondary": "ae44e246-8923-481b-bec0-dcfefe3c8f68",
    "ScalykindDomainSpellList": "e3b505bf-328e-4405-b45c-ea12926b61f2",
    "ScalykindDomainSpellListFeature": "c49203ce-4e32-4e15-8836-dbd023b9b63a",
    "ScourgeOfTheHorsemenAbility": "dafdc0ee-f437-4785-aa82-7bf5b2059bf0",
    "ScrollOfDeadlyFinale": "8cfb536d-66df-4577-8479-cecfe6fff905",
    "ScrollOfFuryOftheSun": "fc209f74-eb48-48b1-a457-2bc0394e6f4a",
    "ScrollOfGloomblindBolts": "fc26d2a5-28f3-4e80-954a-168b743962e9",
    "ScrollOfGoodberry": "8abffd7d-9a80-4556-bfec-dba8efb2daa7",
    "ScrollOfHollowBlades": "8329641d-1038-4ff2-a5c5-6d770812ccbc",
    "ScrollOfHydraulicPush": "7f528850-de59-4be5-a60d-9536c2e67772",
    "ScrollOfInflictPain": "7529196e-4259-4d32-892c-1b4d5e5b02f0",
    "ScrollOfInflictPainMass": "4d5daaba-e0a1-4661-b19e-f6c89c8ae2c2",
    "ScrollOfPurgingFinale": "4837bd57-0efc-4294-8176-ecfa3814a829",
    "ScrollOfRevivingFinale": "09de03af-0e71-43a0-8bcf-281d816c8a0a",
    "ScrollOfRigorMortis": "9f909b2a-da16-44af-af54-5be61dd41612",
    "ScrollOfScourgeOfTheHorsemen": "d845c083-1f01-43f9-b1cf-56fec384e740",
    "ScrollOfSlipstream": "899922fb-c539-4ac0-a6cd-07170c80cb41",
    "ScrollOfSteamRayFusilladeh": "ac0fdbc5-97c6-417e-bda5-1a4ccb2985c5",
    "ScrollOfStunningFinale": "eaaf4489-0c31-4d25-98f3-b4cdc412b048",
    "SecondMysteryOceansEcho": "62fc4303-7bfa-45da-97df-0dd6c0b10d04",
    "SekhmetFeature": "3dea93ba-a8fe-4ea2-b0db-719340a9fc3b",
    "SelketFeature": "dc492a53-7afb-444f-9994-06da7f45d483",
    "SeramaydielFeature": "98094837-3c7f-4a78-89ee-8515673cf2d9",
    "SetFeature": "29509a40-cb71-43d2-9ef5-8d41f73f09a2",
    "SezelrianFeature": "3ab416fb-c4ac-451a-aada-8adf997d3656",
    "ShamanDrakeCompanionFeature": "70aece5d-e1dc-4ada-8e3a-54cc7983dcd8",
    "SheiFeature": "f8e49a6d-6865-436f-b0b6-32b293f1f33b",
    "ShizuruFeature": "94c54f3d-1222-43f3-b23d-b006cb5035fa",
    "ShubNiggurathFeature": "48bc938e-a5e9-4d0a-b7e0-082c7226c51c",
    "ShykaFeature": "bc9f89ed-70ac-4389-9fca-aa51611f9061",
    "SilverChampionArchetype": "17b80a98-ac2b-4031-82ca-aa6b5fb83050",
    "SilverChampionSpellbook": "cf4f5875-5ead-4079-ab90-96cfe2238d38",
    "SilverDrakeCompanion": "53ed5fcd-9878-4dd7-a383-b82bf66eb422",
    "SinashaktiFeature": "2e65eda7-8b3a-4ee2-a088-d208fd8b33ad",
    "SinfulAbsolutionAbility": "7b955550-805a-4403-959e-65bd04e26854",
    "SinfulAbsolutionBuff": "b13960d1-559a-414d-819b-fa53cf8526d4",
    "SinfulAbsolutionFeature": "5bdcb8ea-ee8c-42c9-8873-1fc23e075f73",
    "SinfulAbsolutionResource": "cca67daf-4f0c-48e0-8c93-a2b4bf63c26c",
    "SinfulAbsolutionUse": "c0f985c8-0250-4593-af9c-96c0636c7692",
    "SlipstreamAbility": "fe43fadb-91b0-40b3-8718-e88dd5744413",
    "SlipstreamBuff": "f455287f-bfe2-40dd-a4b0-a9c5bb24309d",
    "SobekFeature": "886f05ec-9952-4428-8f44-11084245b4ad",
    "SoralyonFeature": "a007c331-c454-4392-8a48-157eee1f6b01",
    "SpitefulTenacity": "4ff47232-a209-49bf-8d5b-e022a7014cdd",
    "SpontaneousDomainCastingStormDruid": "a4b391a9-099c-4602-8713-ea5e34372860",
    "SpontaneousDomainCastingUrbanDruid": "8e046693-0344-43e4-88b0-180a83965536",
    "SsilameshnikFeature": "f3222d7d-ea95-4126-acfb-223314aafb35",
    "SteamRayFusilladeAbility": "a8be30dd-f370-42d5-b56f-faa8eae976d6",
    "SteamRayFusilladeBuff": "2344e20c-a595-45da-802d-052ec914d1ac",
    "SteamRayFusilladeBuffAbility": "786bb462-6a58-4db5-b408-8dd666aece23",
    "StormDomainAllowed": "1b0642a7-46bb-4652-8484-a4463dc16ba5",
    "StormDomainBaseFeature": "6bb8d3fa-7869-42f3-8c67-deae5902e7ca",
    "StormDomainDifficultTerrainBuff": "1713844f-3929-4e35-9068-e4d15b7e1662",
    "StormDomainGreaterAbility": "9c817956-09ae-4007-8589-8ad703ce1831",
    "StormDomainGreaterAreabuff": "43592428-162b-415d-a469-27b6c9b6b034",
    "StormDomainGreaterBuff": "ecbb2ffa-aa54-4169-90d4-7b37a13ed9bb",
    "StormDomainGreaterFeature": "65c64f3c-38e6-4b02-bc03-f4317615c793",
    "StormDomainGreaterResource": "022b741c-bff7-4b2b-b623-1e69f4336380",
    "StormDomainProgression": "ae19f2c3-4d5b-4fd3-b451-4232148585e1",
    "StormDomainProgressionDruid": "9dcee9eb-84af-4f0f-bc89-d0305e17c8b0",
    "StormDomainProgressionSecondary": "f06912cc-944a-486a-ade6-ba508873f73f",
    "StormDomainSpellList": "8668b1db-f1b7-4d3f-8dc7-e705e7740ac5",
    "StormDomainSpellListFeature": "dcb9bc55-f89f-43e7-88e2-cadb4b82749a",
    "StormDomainSpellListFeatureDruid": "268e099f-b354-4d12-b10f-f3a73ab7909f",
    "StormDruidArchetype": "18d308c7-a041-4910-a4d8-be7de37b271c",
    "StormDruidBondSelection": "16f8dec1-9b9e-41a8-a370-29cff2b0bb42",
    "StormDruidSpontaneousAirDomain": "ca79777a-49e3-47dc-bfa8-de5e5a31f918",
    "StormDruidSpontaneousStormDomain": "ccfba97e-270a-447d-b797-ce1aff12d1f6",
    "StormDruidSpontaneousWeatherDomain": "2c3807f1-7faf-4104-b149-7650e4b2cc05",
    "StormDruidSpontaneousWindDomain": "3961b36b-f823-4331-9d9e-9dc4d588f4c2",
    "StormLordFeature": "baf158f9-e7a7-412e-b9bc-b9fa63e7cfb1",
    "StrengthInvokeDeityAbility": "72ee79a6-94f9-4597-92d2-15f155dcbfc0",
    "StrengthInvokeDeityBuff": "e1208162-156f-4200-b8f0-3e26a6aac15d",
    "StunningFinale": "a1f0d4c3-ce2c-4c2e-b705-b18861f14708",
    "SunInvokeDeityAbility": "c30650f3-6a8e-44de-9339-0a9a88122ca2",
    "SunInvokeDeityBuff": "a30e1d8b-8096-4861-b49b-f3fa6b195af8",
    "TanagaarFeature": "89e96626-8a26-471f-9849-55cc76d55d6f",
    "TemplateFiendish": "6a8fa5ce-c317-435f-aeaf-193fbf188a0c",
    "TemplateFiendishResource": "f4455142-457e-49f9-a46a-ba68a565900b",
    "TemplateFiendishSmiteGoodAbility": "9a01e212-fe98-4da6-b2bb-8a4d8b942c0f",
    "TemplateFiendishSmiteGoodBuff": "a8e59432-edfe-41da-a544-9b159825f16e",
    "TempleChampionArchetype": "b25d0630-d552-4ad6-a1f9-cc82efdb68f7",
    "TempleChampionArmoredSwiftnessFeature": "16452676-531e-42c7-a1f1-0f9cccc12eec",
    "TempleChampionIprovedArmoredSwiftnessFeature": "5b16f093-1746-41cf-9455-ace9d6249b6e",
    "TeshallasFeature": "f50dcc52-aad2-4eab-b94a-36a5d22623e2",
    "TheElderMythosSelection": "2a9ee5e4-e745-461e-bddf-361a0aab060b",
    "TheEldestSelection": "5b7b628a-4522-40f0-87c8-68cfaafd8cfd",
    "TheGreenMotherFeature": "741ef2fe-9f35-4ab5-b06a-315c41ee2a6d",
    "TheLanternKingFeature": "ecb81f58-8458-4471-a62b-bb07728b8658",
    "TheLostPrinceFeature": "cef75410-3bb2-4706-9b96-a5b30cd17cf0",
    "ThePaleHorseFeature": "2aee218e-925d-4bd7-a67d-af7d2ad1cdc1",
    "ThieveryDomainAllowed": "232b2efa-c489-4502-b1e8-2f481e0ee12f",
    "ThieveryDomainBaseFeature": "339b101e-54f9-4891-a6d0-d8bfd6031a6b",
    "ThieveryDomainGreaterAbility": "4cc4ee87-6a06-4ded-b317-51ab9c2b3782",
    "ThieveryDomainGreaterBuff": "47217f28-e276-48e2-93b3-5f5c0a4605e3",
    "ThieveryDomainGreaterFeature": "e51cbf15-d128-410b-93a3-f04ea240a73b",
    "ThieveryDomainGreaterResource": "20ac8481-fcdf-4b6e-b154-28f9439e56d1",
    "ThieveryDomainProgression": "8c3d81f7-f50c-4703-aa30-188a1d3d23a3",
    "ThieveryDomainProgressionSecondary": "e8199af6-b88a-4091-a6ca-00ca250d55ee",
    "ThieveryDomainSpellList": "f3eca9f5-54df-42a0-ac61-91d8c8ad0a8a",
    "ThieveryDomainSpellListFeature": "3015a73a-3a9d-4795-bdfd-03661b47f6a5",
    "ThothFeature": "5ea60df7-8d3d-45ac-a5ac-10b5c7c2ccd5",
    "TolcFeature": "06afafb1-b87d-4d6e-9831-46e3813811ef",
    "TouchOfProfaneCorruptionAbility": "748c8e5e-8eb6-4da9-aad8-d26feae145a6",
    "TouchOfProfaneCorruptionAbilityBlinded": "727b5efe-d4d9-47e0-a096-4f3b3b69a5d1",
    "TouchOfProfaneCorruptionAbilityCast": "c66b538f-e21e-4e18-8be6-45f12acb6a58",
    "TouchOfProfaneCorruptionAbilityCursed": "313a70b9-3a71-44db-859e-4fe2bcdd3d89",
    "TouchOfProfaneCorruptionAbilityDazed": "762b6ac6-0105-4aec-8253-928968d2fd9c",
    "TouchOfProfaneCorruptionAbilityDiseased": "bedf80cc-04f7-489a-98e9-50ff2982514c",
    "TouchOfProfaneCorruptionAbilityExhausted": "36553d13-635c-44f0-b2ae-2f293e28690b",
    "TouchOfProfaneCorruptionAbilityFatigued": "b8678514-04f0-46e3-9f37-92483e81df34",
    "TouchOfProfaneCorruptionAbilityFrightened": "da266de4-14b2-4cae-b455-e290c68208d9",
    "TouchOfProfaneCorruptionAbilityNauseated": "8d475525-9dae-4f46-8ecd-d7f1ac6dc322",
    "TouchOfProfaneCorruptionAbilityParalyzed": "276aaac4-6187-4b3d-8387-7fb632560f9b",
    "TouchOfProfaneCorruptionAbilityPoisoned": "73b5ed0b-f664-4de1-98ae-ce5de998b0c7",
    "TouchOfProfaneCorruptionAbilityShaken": "3e3e92ca-66c0-4f1e-a24e-5a933cc499b1",
    "TouchOfProfaneCorruptionAbilitySickened": "9cbe4f30-f79b-430f-b61b-f9a8ddac25d7",
    "TouchOfProfaneCorruptionAbilityStaggered": "cacd6f15-d530-4b89-ad8b-f143fdbc0c2b",
    "TouchOfProfaneCorruptionAbilityStunned": "0101f370-8e0c-4664-b3d1-193900cc3457",
    "TouchOfProfaneCorruptionFact": "2700acca-ed36-4658-88db-d6d0821dd705",
    "TouchOfProfaneCorruptionFeature": "3910a52a-1113-4219-ad17-ed7a9f0e353e",
    "TouchOfProfaneCorruptionRank": "31b4fb31-2f89-4a96-a376-ade37309575a",
    "TouchOfProfaneCorruptionResource": "ec447cf6-8aa0-43f2-a9b5-3c6903b5d33e",
    "TouchOfProfaneCorruptionUse": "df4a2022-b32a-4941-840c-cfde86390e2a",
    "TravelInvokeDeityAbility": "9c1b428c-8ba1-4e3d-be9c-b8e3e9826a68",
    "TravelInvokeDeityBuff": "3ff76aaa-7f79-4569-aca9-0b5d8f8fe110",
    "TreerazerFeature": "5b0f3911-d4fd-41c7-9a5f-f32aa3b8c31b",
    "TrickeryInvokeDeityAbility": "b1e5e426-13c9-4313-8746-6238d895c9d2",
    "TrickeryInvokeDeityBuff": "3f5427e4-6912-4b85-bd3c-6d2fac136863",
    "TsathogguaFeature": "054cc1d6-6ddf-4d19-8dd1-7409941db01b",
    "TsukiyoFeature": "501eb8a8-2846-42f5-bc18-d9766885e886",
    "UndeadDomainAllowed": "d483a17a-bf78-4183-ad4f-22745f5019f8",
    "UndeadDomainBaseAbility": "1a7fa714-c8cd-4228-8fd9-604c891ed551",
    "UndeadDomainBaseAbilityBuff": "f85e2d68-3187-4d91-8f6e-d8edf695698a",
    "UndeadDomainBaseFeature": "438de784-d399-423a-80e6-1b6206008738",
    "UndeadDomainBaseResource": "6852f26c-9679-4be9-8224-8eda2b2c0538",
    "UndeadDomainFeature": "5ce876f3-2796-4bad-b686-0ba9d026aeea",
    "UndeadDomainProgression": "49f8f30a-069b-4834-b246-c4419eea1d1a",
    "UndeadDomainProgressionDruid": "7c4fdd07-d68c-4401-b321-ac1d6521399b",
    "UndeadDomainProgressionSecondary": "4e73e8c4-9077-4128-bf87-1f4455fa6212",
    "UndeadDomainSpellList": "1dfd67d3-d29c-4a7e-a7dc-f846dea1a618",
    "UndeadDomainSpellListFeature": "16fa9fbd-f8fb-4907-a914-40ee5642f4b9",
    "UndeadDomainSpellListFeatureDruid": "ee5d7ac4-3ce8-4b94-95bc-6c09bb8cbc8d",
    "UrbanDruidArchetype": "a2c8301c-9e9a-4adf-bf9e-3742866c3248",
    "UrbanDruidBondSelection": "273c1b20-4094-45f6-9d29-1f40ad0b4af8",
    "UrbanDruidLorekeeperFeature": "d56583bd-251c-4155-818d-3e2d5d956cc7",
    "UrbanDruidMentalStrengthFeature": "94c68fcd-0b8a-45bc-9e08-a91dbe54db50",
    "UrbanDruidResistTemptationFeature": "13c69ae4-84af-4c16-985f-241746dca561",
    "UrbanDruidSpontaneousCharmDomain": "333c9868-46cf-4132-95c6-436c4594d2b0",
    "UrbanDruidSpontaneousCommunityDomain": "19d6520b-a670-4e41-95a9-0fb495985d69",
    "UrbanDruidSpontaneousKnowledgeDomain": "270b53be-98f1-4caa-a033-20972dfa71ac",
    "UrbanDruidSpontaneousNobilityDomain": "ec9eca4c-7e9e-4fc7-b565-78e4298669aa",
    "UrbanDruidSpontaneousProtectionDomain": "43dec5b6-f1c6-4136-aafa-539f407e80ac",
    "UrbanDruidSpontaneousReposeDomain": "f302b067-510b-41e9-932a-83f90c30f663",
    "UrbanDruidSpontaneousRuneDomain": "fc03f24f-b18f-4bba-868d-5cf9c9f3fb3c",
    "UrbanDruidSpontaneousWeatherDomain": "2ee0f011-37c3-4e94-acd9-9b65b3554ae9",
    "UrbanDruidWildShape": "293e7143-fcca-495c-aeaa-ee8180a9e21f",
    "ValaniFeature": "60d8f3fe-4117-4e8f-a15d-ec24badc5dde",
    "ValeFeature": "0fbfd45c-32c6-415f-9e85-8afa6a58c7d9",
    "ValmallosFeature": "04c8bf91-4192-4e8a-9042-cea0e685c8c8",
    "VampirismCurseFeatureLevel10": "c84e2df3-9072-4b5e-a908-850f2279c1c3",
    "VampirismCurseFeatureLevel15": "83185535-d3fb-4a1a-b8a3-8bd07b28c7b0",
    "VampirismCurseProgression": "15f2d9d3-f20f-42ea-bf4a-9849e802291b",
    "VargFeature": "5ca5f9b4-ad18-47a0-9c8a-41b5c3f3f018",
    "VavaalravFeature": "d1bdbef6-d49e-4864-b397-c465503dc6f7",
    "VerexFeature": "6eb98efb-0e8a-48ec-9d02-fdbac9358cfe",
    "VildeisFeature": "af722c4d-cbd5-44d5-9ee5-e96858779847",
    "VonymosFeature": "9671dadd-7422-47db-86ba-e63822595c59",
    "WadjetFeature": "8923e032-fed4-4060-9b5e-9f1608d490f5",
    "WarInvokeDeityAbility": "7771a14d-b767-4782-972f-a01bc9ea5170",
    "WarInvokeDeityBuff": "3800b2d9-11b8-4060-874a-3ca747172cd0",
    "WaterInvokeDeityAbility": "816301e5-a702-4b9c-b521-f1c9af607734",
    "WaterInvokeDeityBuff": "b2e98e19-767f-45fe-9861-762163edec98",
    "WeatherInvokeDeityAbility": "cf3cb5c7-4595-4adf-9f3d-ddee06d1f26b",
    "WeatherInvokeDeityBuff": "ef26e3f1-fd93-4ef9-8adc-f5e9c06eafa1",
    "WildShapeDragonShapeBlack": "ee1029ee-906b-4625-9a88-50061f4cc318",
    "WildShapeDragonShapeBlack2": "84ed771b-c9e7-4235-a0ac-ddda1977e854",
    "WildShapeDragonShapeBlue": "1fe33fe5-4d4f-4409-9229-abc4899623fc",
    "WildShapeDragonShapeBlue2": "141e3f7d-a312-4c82-9e88-f5160f5fc911",
    "WildShapeDragonShapeBrass": "64bb126e-3181-4f33-88ed-17c99ce3580d",
    "WildShapeDragonShapeBrass2": "df02390c-3373-4d56-b16c-02cd99a5354a",
    "WildShapeDragonShapeFeature": "9636b791-c707-48f4-a55d-1c4c979686d5",
    "WildShapeDragonShapeFeature2": "e481262f-d90b-4835-b52c-18af5279b2c3",
    "WildShapeDragonShapeGreen": "8ac7581e-1969-4925-9100-206681466ce2",
    "WildShapeDragonShapeGreen2": "9d907faf-a3da-4a0f-b336-236b98841124",
    "WildShapeDragonShapeRed": "195ca1ea-666d-4a91-93a6-4398ff184c36",
    "WildShapeDragonShapeRed2": "f94cc0fe-81f0-4eea-a6b1-e2d21898a583",
    "WildShapeDragonShapeSilver": "a4571976-83e5-43a6-b8d1-59ff1f709aba",
    "WildShapeDragonShapeSilver2": "286de93c-abd6-4009-8d32-2d21580cb083",
    "WildShapeDragonShapeWhite": "b8682180-d4b3-458b-8255-04984e28d813",
    "WildShapeDragonShapeWhite2": "40e0ffbb-1680-4b33-8d1f-df6292faa247",
    "WindDomainAllowed": "c550a520-a5a7-400c-b5e9-5c22313b8592",
    "WindDomainBaseAbility": "2620d730-bab0-4a08-b25b-f56d610f504a",
    "WindDomainBaseFeature": "960330d7-9042-4b66-aba4-22d93636360c",
    "WindDomainBaseResource": "815fc991-663f-458a-bcea-f498447fb868",
    "WindDomainProgression": "a9d90af5-de7e-4179-90cc-4d135d9578c7",
    "WindDomainProgressionDruid": "3ccd596a-8960-47f9-9ede-9d1942c6567b",
    "WindDomainProgressionSecondary": "5507d69f-ea79-40c1-983c-b58bc959a296",
    "WindDomainSpellList": "7a74c227-5d8f-42f8-81d4-8c4573ad10a3",
    "WindDomainSpellListFeature": "96732336-a0c6-4dc4-8dc2-eb1d64d2479b",
    "WindDomainSpellListFeatureDruid": "4b0dc5f0-6b3c-4eea-b6b3-98652af1ab11",
    "WindlordDomainSelection": "09ca4e24-ccdc-40d8-8908-8633f25ea98a",
    "WindwalkerFeature": "06425014-9c9e-4d69-af83-71a51ba79a24",
    "WinlasFeature": "1c416c9e-903d-4421-9601-b13f42c668ce",
    "WisdomOfTheTempleFeature": "c4eebc09-0163-4a30-b8fc-1842ec675c64",
    "WolfsbaneFeature1": "68b5db2d-5b8e-48da-9385-a1afe6316674",
    "WolfsbaneFeature1DR": "9f7a6ce6-35da-4193-b5e0-2203fe84a25f",
    "WolfsbaneFeature2": "f894f2a8-9e43-4da3-9f09-e94b63930524",
    "WolfsbaneFeature2DR": "f4a2fd75-a424-42b2-99d4-1130314989ea",
    "WolfsbaneFeature3": "b1561db3-2510-4555-851c-2b4e589a27aa",
    "WolfsbaneFeature3DR": "84bf8ac0-9ffd-4cd6-9c34-4dc848780c9a",
    "WoundingBuff": "27c24244-3c0d-4cd6-935b-6f01a16e4ac3",
    "WoundingEnchantment": "28bb9dd9-7373-4d93-9e85-2234cb23b51c",
    "WukongFeature": "e4392532-2aa7-45e7-9f8e-72b205e05fd2",
    "XhameDorFeature": "d4162cdb-b0eb-427b-8f8d-accecd8d4afb",
    "YaezhingFeature": "e0aa87e8-9805-41a8-8f98-6ee364a80210",
    "YamatsumiFeature": "58c0be36-a959-42ff-943d-3a7ba6449482",
    "YdajiskFeature": "a4590e2b-fc22-4e3f-a16f-b17babadf1ff",
    "YdersiusFeature": "4d2071ee-a2a3-4238-897b-ff71055b1931",
    "YigFeature": "d4951616-d698-4976-99f6-436e31ee58de",
    "YlimanchaFeature": "f5b9edf1-b03b-42f0-91c5-8121ee3ba2bf",
    "YogSothothFeature": "2317eb9d-a215-4831-a2d6-d1eabf2ef394",
    "YuelralFeature": "468774fa-e93d-4e35-9a12-28ec4b8d1ce3",
    "ZagreshFeature": "ea518312-3052-4065-8729-8e5b03f0a0f1",
    "ZohlsFeature": "feaf2b27-817c-4fc8-b5ca-870f8010d9c3",
    "ZuraFeature": "d53bf498-0916-47f0-ac8f-9d1a2db0f5bb",
    "ZyphusFeature": "e5eba9fa-508b-40d7-8414-d19750c5a21e"
  },
  "AutoGenerated": {},
  "UnusedGUIDs": {
    "BackgroundArchdukeOfCheliax": "4d6097a2-3021-4cca-9d78-6ca59c425b15",
    "CavalierMountFeatureHavocDragon": "9840b5d8-e2d6-44a7-b59a-cfd3d0a56cae",
    "DreadknightClass": "11eebbcd-85dc-42ab-b83a-bcdfaf77a480",
    "TouchOfProfaneCorruptionAbilityCast": "c66b538f-e21e-4e18-8be6-45f12acb6a58",
    "TouchOfProfaneCorruptionRank": "31b4fb31-2f89-4a96-a376-ade37309575a"
  }
}